Time,DRIVE_CURRENT(0),MSPEED(0),DRIVE_FE(0),DPOS(0)
0.0,5.0,-0.00048,0.0,162.40646
0.001,7.0,-0.00048,0.0,162.40646
0.002,4.0,0.0,0.0,162.40646
0.003,3.0,-0.00048,0.0,162.40645
0.004,0.0,0.0,0.0,162.40645
0.005,6.0,0.00095,0.0,162.40646
0.006,-1.0,-0.00048,0.0,162.40646
0.007,-3.0,0.0,0.0,162.40646
0.008,-1.0,0.0,0.0,162.40646
0.009,10.0,0.0,0.0,162.40646
0.01,2.0,-0.00048,0.0,162.40645
0.011,-2.0,0.00048,0.0,162.40646
0.012,2.0,0.00048,0.0,162.40646
0.013,10.0,0.0,0.0,162.40646
0.014,6.0,0.0,0.0,162.40646
0.015,8.0,0.0,0.0,162.40646
0.016,14.0,0.0,0.0,162.40646
0.017,6.0,-0.00048,0.0,162.40646
0.018,3.0,0.0,0.0,162.40646
0.019,3.0,0.00048,0.0,162.40646
0.02,9.0,-0.00048,0.0,162.40646
0.021,5.0,0.00048,0.0,162.40646
0.022,7.0,-0.00048,0.0,162.40646
0.023,11.0,-0.00048,0.0,162.40645
0.024,5.0,0.00095,0.0,162.40646
0.025,-2.0,0.00095,0.0,162.40646
0.026,1.0,-0.00143,0.0,162.40646
0.027,4.0,0.00048,0.0,162.40646
0.028,-7.0,0.0,0.0,162.40646
0.029,5.0,-0.00048,0.0,162.40646
0.03,7.0,0.00048,0.0,162.40646
0.031,7.0,-0.00048,0.0,162.40646
0.032,1.0,0.00048,0.0,162.40646
0.033,3.0,0.0,0.0,162.40646
0.034,2.0,0.00048,0.0,162.40646
0.035,6.0,-0.00095,0.0,162.40646
0.036,3.0,0.00048,0.0,162.40646
0.037,3.0,0.00048,0.0,162.40646
0.038,-1.0,-0.00048,0.0,162.40646
0.039,4.0,0.00048,0.0,162.40646
0.04,6.0,-0.00048,0.0,162.40646
0.041,2.0,0.0,0.0,162.40646
0.042,-2.0,0.0,0.0,162.40646
0.043,9.0,0.0,0.0,162.40646
0.044,12.0,-0.00048,0.0,162.40646
0.045,0.0,0.00048,0.0,162.40646
0.046,0.0,-0.00048,0.0,162.40646
0.047,1.0,0.0,0.0,162.40646
0.048,7.0,0.0,0.0,162.40646
0.049,2.0,0.0,0.0,162.40646
0.05,2.0,-0.00048,0.0,162.40645
0.051,3.0,0.00048,0.0,162.40646
0.052,-1.0,-0.00048,0.0,162.40645
0.053,-2.0,0.00048,0.0,162.40646
0.054,-2.0,0.00048,0.0,162.40646
0.055,10.0,-0.00048,0.0,162.40646
0.056,3.0,0.00048,0.0,162.40646
0.057,8.0,-0.00095,0.0,162.40645
0.058,-8.0,0.00095,0.0,162.40646
0.059,8.0,0.0,0.0,162.40646
0.06,0.0,0.00048,0.0,162.40646
0.061,0.0,0.0,0.0,162.40646
0.062,9.0,0.0,0.0,162.40646
0.063,10.0,-0.00048,0.0,162.40646
0.064,8.0,-0.00048,0.0,162.40646
0.065,7.0,0.0,0.0,162.40646
0.066,9.0,0.00048,0.0,162.40646
0.067,5.0,-0.00048,0.0,162.40646
0.068,4.0,0.00048,0.0,162.40646
0.069,3.0,0.0,0.0,162.40646
0.07,3.0,-0.00095,0.0,162.40645
0.071,10.0,0.00048,0.0,162.40646
0.072,9.0,0.0,0.0,162.40646
0.073,9.0,0.0,0.0,162.40646
0.074,6.0,0.00048,0.0,162.40646
0.075,3.0,-0.00048,0.0,162.40646
0.076,5.0,0.0,0.0,162.40646
0.077,3.0,0.00048,0.0,162.40646
0.078,9.0,-0.00048,0.0,162.40646
0.079,6.0,0.00048,0.0,162.40646
0.08,1.0,-0.00048,0.0,162.40646
0.081,14.0,0.0,0.0,162.40646
0.082,2.0,0.00048,0.0,162.40646
0.083,0.0,0.00048,0.0,162.40646
0.084,2.0,-0.00095,0.0,162.40646
0.085,13.0,0.00048,0.0,162.40646
0.086,-1.0,0.0,0.0,162.40646
0.087,-2.0,-0.00048,0.0,162.40646
0.088,3.0,-0.00048,0.0,162.40645
0.089,8.0,0.00143,0.0,162.40646
0.09,8.0,-0.00095,0.0,162.40646
0.091,9.0,0.00048,0.0,162.40646
0.092,9.0,0.00048,0.0,162.40646
0.093,2.0,-0.00048,0.0,162.40646
0.094,12.0,-0.00048,0.0,162.40646
0.095,6.0,0.00048,0.0,162.40646
0.096,1.0,0.0,0.0,162.40646
0.097,6.0,-0.00048,0.0,162.40646
0.098,0.0,0.00048,0.0,162.40646
0.099,6.0,0.0,0.0,162.40646
0.1,3.0,0.0,0.0,162.40646
0.101,2.0,0.0,0.0,162.40646
0.102,6.0,0.00048,0.0,162.40646
0.103,7.0,-0.00095,0.0,162.40646
0.104,2.0,0.00048,0.0,162.40646
0.105,2.0,0.0,0.0,162.40646
0.106,5.0,-0.00048,0.0,162.40646
0.107,3.0,0.00048,0.0,162.40646
0.108,11.0,0.0,0.0,162.40646
0.109,7.0,0.0,0.0,162.40646
0.11,1.0,-0.00048,0.0,162.40646
0.111,1.0,0.0,0.0,162.40646
0.112,12.0,0.0,0.0,162.40646
0.113,5.0,0.0,0.0,162.40646
0.114,0.0,0.0,0.0,162.40646
0.115,0.0,-0.00048,0.0,162.40645
0.116,3.0,0.00048,0.0,162.40646
0.117,2.0,0.00048,0.0,162.40646
0.118,-3.0,0.0,0.0,162.40646
0.119,3.0,0.0,0.0,162.40646
0.12,2.0,-0.00048,0.0,162.40646
0.121,9.0,0.00048,0.0,162.40646
0.122,2.0,0.0,0.0,162.40646
0.123,6.0,0.0,0.0,162.40646
0.124,6.0,0.0,0.0,162.40646
0.125,3.0,-0.00048,0.0,162.40646
0.126,5.0,0.00048,0.0,162.40646
0.127,5.0,-0.00048,0.0,162.40646
0.128,19.0,0.0,0.0,162.40646
0.129,9.0,-0.00048,0.0,162.40645
0.13,5.0,0.00095,0.0,162.40646
0.131,10.0,-0.00095,0.0,162.40645
0.132,1.0,0.00048,0.0,162.40646
0.133,3.0,0.00095,0.0,162.40646
0.134,6.0,-0.00048,0.0,162.40646
0.135,2.0,0.00048,0.0,162.40646
0.136,-1.0,0.0,0.0,162.40646
0.137,1.0,-0.00143,0.0,162.40645
0.138,4.0,0.00048,0.0,162.40646
0.139,2.0,0.0,0.0,162.40646
0.14,3.0,0.0,0.0,162.40646
0.141,11.0,0.0,0.0,162.40646
0.142,-1.0,0.00048,0.0,162.40646
0.143,-1.0,-0.00048,0.0,162.40646
0.144,8.0,0.00048,0.0,162.40646
0.145,5.0,0.0,0.0,162.40646
0.146,7.0,0.0,0.0,162.40646
0.147,0.0,-0.00048,0.0,162.40646
0.148,0.0,-0.00048,0.0,162.40645
0.149,2.0,0.00048,0.0,162.40646
0.15,11.0,0.0,0.0,162.40646
0.151,5.0,0.00048,0.0,162.40646
0.152,11.0,0.0,0.0,162.40646
0.153,6.0,-0.00048,0.0,162.40646
0.154,10.0,0.0,0.0,162.40646
0.155,-1.0,0.0,0.0,162.40646
0.156,2.0,0.00048,0.0,162.40646
0.157,0.0,0.0,0.0,162.40646
0.158,-1.0,0.0,0.0,162.40646
0.159,-1.0,0.0,0.0,162.40646
0.16,1.0,0.0,0.0,162.40646
0.161,-1.0,0.0,0.0,162.40646
0.162,7.0,0.0,0.0,162.40646
0.163,2.0,-0.00048,0.0,162.40646
0.164,8.0,0.0,0.0,162.40646
0.165,7.0,-0.00048,0.0,162.40645
0.166,8.0,0.00048,0.0,162.40646
0.167,3.0,0.0,0.0,162.40646
0.168,5.0,-0.00048,0.0,162.40645
0.169,8.0,0.00095,0.0,162.40646
0.17,6.0,-0.00143,0.0,162.40645
0.171,7.0,0.00048,0.0,162.40645
0.172,4.0,0.0,0.0,162.40645
0.173,7.0,0.00048,0.0,162.40646
0.174,0.0,0.0,0.0,162.40646
0.175,7.0,-0.00048,0.0,162.40645
0.176,3.0,0.0,0.0,162.40645
0.177,1.0,0.0,0.0,162.40645
0.178,6.0,-0.00048,0.0,162.40645
0.179,11.0,0.00048,0.0,162.40645
0.18,7.0,0.0,0.0,162.40645
0.181,3.0,0.0,0.0,162.40645
0.182,0.0,0.00048,0.0,162.40646
0.183,-1.0,0.0,0.0,162.40646
0.184,1.0,-0.00048,0.0,162.40645
0.185,6.0,0.0,0.0,162.40645
0.186,2.0,0.0,0.0,162.40645
0.187,-1.0,0.0,0.0,162.40645
0.188,3.0,-0.00048,0.0,162.40645
0.189,4.0,0.00048,0.0,162.40645
0.19,8.0,0.00048,0.0,162.40646
0.191,12.0,-0.00048,0.0,162.40645
0.192,11.0,0.00095,0.0,162.40646
0.193,-3.0,-0.00095,0.0,162.40645
0.194,-3.0,0.00048,0.0,162.40646
0.195,11.0,0.0,0.0,162.40646
0.196,8.0,0.0,0.0,162.40646
0.197,6.0,0.00048,0.0,162.40646
0.198,-2.0,0.0,0.0,162.40646
0.199,4.0,0.0,0.0,162.40646
0.2,1.0,0.0,0.0,162.40646
0.201,0.0,-0.00048,0.0,162.40646
0.202,11.0,0.0,0.0,162.40646
0.203,10.0,0.00048,0.0,162.40646
0.204,12.0,0.0,0.0,162.40646
0.205,12.0,-0.00048,0.0,162.40646
0.206,-4.0,-0.00048,0.0,162.40645
0.207,0.0,0.00048,0.0,162.40646
0.208,2.0,0.00048,0.0,162.40646
0.209,1.0,0.00048,0.0,162.40646
0.21,6.0,-0.00095,0.0,162.40646
0.211,0.0,0.0,0.0,162.40646
0.212,0.0,0.0,0.0,162.40646
0.213,1.0,0.00048,0.0,162.40646
0.214,0.0,-0.00048,0.0,162.40646
0.215,0.0,0.0,0.0,162.40646
0.216,8.0,0.00048,0.0,162.40646
0.217,-2.0,-0.00048,0.0,162.40646
0.218,0.0,0.00048,0.0,162.40646
0.219,7.0,-0.00048,0.0,162.40646
0.22,3.0,0.00048,0.0,162.40646
0.221,12.0,-0.00048,0.0,162.40646
0.222,1.0,-0.00095,0.0,162.40645
0.223,6.0,0.00048,0.0,162.40645
0.224,6.0,0.00048,0.0,162.40646
0.225,6.0,0.00048,0.0,162.40646
0.226,-1.0,-0.00048,0.0,162.40646
0.227,-2.0,0.0,0.0,162.40646
0.228,4.0,0.0,0.0,162.40646
0.229,7.0,0.00048,0.0,162.40646
0.23,6.0,-0.00095,0.0,162.40645
0.231,5.0,0.0,0.0,162.40645
0.232,3.0,0.00095,0.0,162.40646
0.233,10.0,-0.00095,0.0,162.40645
0.234,5.0,0.00048,0.0,162.40646
0.235,5.0,0.0,0.0,162.40646
0.236,1.0,0.0,0.0,162.40646
0.237,7.0,-0.00048,0.0,162.40645
0.238,8.0,0.00048,0.0,162.40646
0.239,3.0,0.0,0.0,162.40646
0.24,1.0,0.0,0.0,162.40646
0.241,3.0,0.00048,0.0,162.40646
0.242,7.0,-0.00095,0.0,162.40645
0.243,4.0,0.0,0.0,162.40645
0.244,3.0,0.0,0.0,162.40645
0.245,2.0,0.0,0.0,162.40645
0.246,4.0,0.00048,0.0,162.40646
0.247,11.0,-0.00095,0.0,162.40645
0.248,1.0,0.00095,0.0,162.40646
0.249,6.0,0.00048,0.0,162.40646
0.25,3.0,-0.00095,0.0,162.40645
0.251,7.0,0.0,0.0,162.40645
0.252,8.0,0.00048,0.0,162.40646
0.253,2.0,0.0,0.0,162.40646
0.254,0.0,-0.00048,0.0,162.40645
0.255,8.0,0.0,0.0,162.40645
0.256,0.0,0.0,0.0,162.40645
0.257,4.0,-0.00048,0.0,162.40645
0.258,3.0,0.00143,0.0,162.40646
0.259,0.0,-0.00095,0.0,162.40645
0.26,10.0,-0.00048,0.0,162.40645
0.261,3.0,0.00048,0.0,162.40645
0.262,7.0,0.0,0.0,162.40645
0.263,1.0,0.0,0.0,162.40645
0.264,12.0,0.00048,0.0,162.40646
0.265,0.0,0.00048,0.0,162.40646
0.266,5.0,-0.00048,0.0,162.40646
0.267,5.0,-0.00048,0.0,162.40645
0.268,9.0,0.00048,0.0,162.40646
0.269,-2.0,0.0,0.0,162.40646
0.27,5.0,-0.00048,0.0,162.40645
0.271,4.0,0.00048,0.0,162.40646
0.272,0.0,-0.00048,0.0,162.40645
0.273,1.0,0.0,0.0,162.40645
0.274,3.0,0.0,0.0,162.40645
0.275,11.0,0.00048,0.0,162.40646
0.276,-4.0,0.0,0.0,162.40646
0.277,10.0,0.0,0.0,162.40646
0.278,8.0,0.00048,0.0,162.40646
0.279,10.0,-0.00048,0.0,162.40646
0.28,3.0,0.00048,0.0,162.40646
0.281,3.0,0.0,0.0,162.40646
0.282,0.0,-0.00048,0.0,162.40646
0.283,10.0,0.00048,0.0,162.40646
0.284,0.0,-0.00048,0.0,162.40646
0.285,11.0,0.00048,0.0,162.40646
0.286,2.0,-0.00048,0.0,162.40646
0.287,3.0,0.0,0.0,162.40646
0.288,3.0,0.0,0.0,162.40646
0.289,6.0,0.0,0.0,162.40646
0.29,-2.0,0.0,0.0,162.40646
0.291,6.0,0.0,0.0,162.40646
0.292,4.0,0.0,0.0,162.40646
0.293,-2.0,0.00048,0.0,162.40646
0.294,4.0,-0.00048,0.0,162.40646
0.295,13.0,0.00048,0.0,162.40646
0.296,6.0,-0.00095,0.0,162.40645
0.297,6.0,0.0,0.0,162.40645
0.298,0.0,0.0,0.0,162.40645
0.299,1.0,0.00143,0.0,162.40646
0.3,5.0,-0.00095,0.0,162.40646
0.301,0.0,0.00048,0.0,162.40646
0.302,4.0,0.0,0.0,162.40646
0.303,2.0,0.0,0.0,162.40646
0.304,-1.0,-0.00095,0.0,162.40645
0.305,-2.0,0.0,0.0,162.40645
0.306,0.0,0.00048,0.0,162.40646
0.307,11.0,0.0,0.0,162.40646
0.308,8.0,0.00048,0.0,162.40646
0.309,3.0,0.0,0.0,162.40646
0.31,8.0,0.00048,0.0,162.40646
0.311,4.0,-0.00095,0.0,162.40646
0.312,7.0,0.0,0.0,162.40646
0.313,0.0,0.0,0.0,162.40646
0.314,4.0,0.00048,0.0,162.40646
0.315,-2.0,-0.00095,0.0,162.40645
0.316,2.0,0.00143,0.0,162.40646
0.317,2.0,-0.00095,0.0,162.40646
0.318,1.0,0.0,0.0,162.40646
0.319,8.0,0.00048,0.0,162.40646
0.32,7.0,0.0,0.0,162.40646
0.321,5.0,0.0,0.0,162.40646
0.322,10.0,-0.00048,0.0,162.40646
0.323,4.0,0.0,0.0,162.40646
0.324,4.0,0.00048,0.0,162.40646
0.325,8.0,-0.00048,0.0,162.40646
0.326,3.0,0.0,0.0,162.40646
0.327,2.0,0.00048,0.0,162.40646
0.328,4.0,0.0,0.0,162.40646
0.329,-2.0,0.00048,0.0,162.40646
0.33,2.0,-0.00048,0.0,162.40646
0.331,4.0,0.0,0.0,162.40646
0.332,8.0,-0.00048,0.0,162.40646
0.333,12.0,0.00048,0.0,162.40646
0.334,10.0,0.0,0.0,162.40646
0.335,1.0,-0.00048,0.0,162.40646
0.336,7.0,0.0,0.0,162.40646
0.337,0.0,0.00048,0.0,162.40646
0.338,2.0,0.00048,0.0,162.40646
0.339,0.0,-0.00048,0.0,162.40646
0.34,-4.0,-0.00048,0.0,162.40646
0.341,4.0,0.0,0.0,162.40646
0.342,6.0,0.00048,0.0,162.40646
0.343,6.0,-0.00048,0.0,162.40646
0.344,4.0,0.0,0.0,162.40646
0.345,4.0,0.0,0.0,162.40646
0.346,7.0,-0.00048,0.0,162.40645
0.347,1.0,0.00095,0.0,162.40646
0.348,6.0,-0.00048,0.0,162.40646
0.349,9.0,0.0,0.0,162.40646
0.35,7.0,0.00048,0.0,162.40646
0.351,1.0,-0.00048,0.0,162.40646
0.352,7.0,0.00048,0.0,162.40646
0.353,7.0,-0.00095,0.0,162.40645
0.354,2.0,0.00095,0.0,162.40646
0.355,0.0,0.0,0.0,162.40646
0.356,0.0,-0.00048,0.0,162.40646
0.357,3.0,0.00048,0.0,162.40646
0.358,4.0,0.0,0.0,162.40646
0.359,11.0,0.0,0.0,162.40646
0.36,5.0,-0.00048,0.0,162.40646
0.361,4.0,0.0,0.0,162.40646
0.362,0.0,0.00095,0.0,162.40646
0.363,1.0,-0.00143,0.0,162.40645
0.364,4.0,0.00095,0.0,162.40646
0.365,8.0,0.0,0.0,162.40646
0.366,9.0,0.0,0.0,162.40646
0.367,5.0,0.00048,0.0,162.40646
0.368,3.0,0.0,0.0,162.40646
0.369,5.0,-0.00095,0.0,162.40646
0.37,4.0,0.0,0.0,162.40646
0.371,5.0,0.0,0.0,162.40646
0.372,-3.0,0.00048,0.0,162.40646
0.373,9.0,0.0,0.0,162.40646
0.374,10.0,0.00048,0.0,162.40646
0.375,6.0,0.0,0.0,162.40646
0.376,6.0,-0.00048,0.0,162.40646
0.377,5.0,0.0,0.0,162.40646
0.378,10.0,0.0,0.0,162.40646
0.379,1.0,0.0,0.0,162.40646
0.38,4.0,0.0,0.0,162.40646
0.381,2.0,-0.00095,0.0,162.40645
0.382,12.0,0.00095,0.0,162.40646
0.383,0.0,-0.00048,0.0,162.40646
0.384,4.0,0.00048,0.0,162.40646
0.385,6.0,-0.00048,0.0,162.40646
0.386,4.0,0.00048,0.0,162.40646
0.387,7.0,0.00048,0.0,162.40646
0.388,4.0,-0.00048,0.0,162.40646
0.389,2.0,0.00048,0.0,162.40646
0.39,10.0,0.0,0.0,162.40646
0.391,6.0,-0.00095,0.0,162.40646
0.392,3.0,0.0,0.0,162.40646
0.393,-7.0,0.00048,0.0,162.40646
0.394,3.0,-0.00048,0.0,162.40646
0.395,3.0,0.0,0.0,162.40646
0.396,-2.0,0.0,0.0,162.40646
0.397,10.0,0.00048,0.0,162.40646
0.398,3.0,0.0,0.0,162.40646
0.399,6.0,0.00048,0.0,162.40646
0.4,5.0,-0.00048,0.0,162.40646
0.401,7.0,-0.00048,0.0,162.40646
0.402,8.0,0.0,0.0,162.40646
0.403,10.0,0.00048,0.0,162.40646
0.404,0.0,-0.00048,0.0,162.40646
0.405,9.0,0.00048,0.0,162.40646
0.406,9.0,0.0,0.0,162.40646
0.407,8.0,-0.00048,0.0,162.40646
0.408,6.0,0.00048,0.0,162.40646
0.409,3.0,-0.00048,0.0,162.40646
0.41,1.0,0.0,0.0,162.40646
0.411,2.0,0.0,0.0,162.40646
0.412,12.0,0.0,0.0,162.40646
0.413,1.0,0.0,0.0,162.40646
0.414,10.0,0.0,0.0,162.40646
0.415,0.0,0.0,0.0,162.40646
0.416,4.0,0.00048,0.0,162.40646
0.417,3.0,-0.00048,0.0,162.40646
0.418,5.0,0.0,0.0,162.40646
0.419,4.0,0.0,0.0,162.40646
0.42,8.0,0.0,0.0,162.40646
0.421,2.0,0.0,0.0,162.40646
0.422,14.0,0.00048,0.0,162.40646
0.423,2.0,-0.00048,0.0,162.40646
0.424,14.0,0.00048,0.0,162.40646
0.425,7.0,-0.00048,0.0,162.40646
0.426,2.0,0.0,0.0,162.40646
0.427,0.0,0.00048,0.0,162.40646
0.428,6.0,-0.00048,0.0,162.40646
0.429,3.0,0.0,0.0,162.40646
0.43,9.0,0.0,0.0,162.40646
0.431,3.0,0.0,0.0,162.40646
0.432,6.0,0.0,0.0,162.40646
0.433,8.0,-0.00048,0.0,162.40645
0.434,4.0,0.0,0.0,162.40645
0.435,5.0,0.00048,0.0,162.40646
0.436,2.0,0.00048,0.0,162.40646
0.437,0.0,0.0,0.0,162.40646
0.438,10.0,0.0,0.0,162.40646
0.439,5.0,0.0,0.0,162.40646
0.44,8.0,0.0,0.0,162.40646
0.441,7.0,-0.00048,0.0,162.40646
0.442,-1.0,0.00048,0.0,162.40646
0.443,3.0,0.0,0.0,162.40646
0.444,5.0,-0.00048,0.0,162.40646
0.445,2.0,0.00048,0.0,162.40646
0.446,3.0,-0.00095,0.0,162.40645
0.447,6.0,0.00048,0.0,162.40646
0.448,8.0,-0.00048,0.0,162.40645
0.449,3.0,0.00095,0.0,162.40646
0.45,4.0,0.0,0.0,162.40646
0.451,9.0,0.0,0.0,162.40646
0.452,16.0,0.0,0.0,162.40646
0.453,-1.0,0.0,0.0,162.40646
0.454,5.0,0.0,0.0,162.40646
0.455,3.0,0.0,0.0,162.40646
0.456,3.0,-0.00095,0.0,162.40645
0.457,2.0,0.00095,0.0,162.40646
0.458,10.0,0.0,0.0,162.40646
0.459,7.0,0.0,0.0,162.40646
0.46,5.0,0.0,0.0,162.40646
0.461,5.0,0.00048,0.0,162.40646
0.462,11.0,-0.00143,0.0,162.40645
0.463,0.0,0.00048,0.0,162.40646
0.464,1.0,-0.00048,0.0,162.40645
0.465,-6.0,0.00095,0.0,162.40646
0.466,11.0,0.00048,0.0,162.40646
0.467,6.0,-0.00095,0.0,162.40646
0.468,1.0,0.0,0.0,162.40646
0.469,6.0,0.0,0.0,162.40646
0.47,8.0,0.0,0.0,162.40646
0.471,1.0,0.0,0.0,162.40646
0.472,6.0,0.0,0.0,162.40646
0.473,6.0,0.0,0.0,162.40646
0.474,6.0,-0.00048,0.0,162.40645
0.475,5.0,0.0,0.0,162.40645
0.476,4.0,0.00048,0.0,162.40646
0.477,1.0,0.0,0.0,162.40646
0.478,10.0,0.0,0.0,162.40646
0.479,9.0,0.0,0.0,162.40646
0.48,0.0,0.0,0.0,162.40646
0.481,-2.0,0.0,0.0,162.40646
0.482,9.0,0.00048,0.0,162.40646
0.483,8.0,0.0,0.0,162.40646
0.484,9.0,-0.00048,0.0,162.40646
0.485,0.0,0.00048,0.0,162.40646
0.486,3.0,0.0,0.0,162.40646
0.487,7.0,-0.00048,0.0,162.40646
0.488,6.0,0.0,0.0,162.40646
0.489,5.0,0.00048,0.0,162.40646
0.49,4.0,0.0,0.0,162.40646
0.491,5.0,-0.00048,0.0,162.40646
0.492,7.0,-0.00048,0.0,162.40645
0.493,0.0,0.00095,0.0,162.40646
0.494,4.0,0.0,0.0,162.40646
0.495,10.0,0.0,0.0,162.40646
0.496,8.0,0.0,0.0,162.40646
0.497,10.0,0.0,0.0,162.40646
0.498,2.0,-0.00048,0.0,162.40646
0.499,2.0,0.00048,0.0,162.40646
0.5,0.0,0.0,0.0,162.40646
0.501,0.0,-0.00048,0.0,162.40646
0.502,0.0,0.0,0.0,162.40646
0.503,8.0,0.0,0.0,162.40646
0.504,7.0,0.00095,0.0,162.40646
0.505,3.0,-0.00048,0.0,162.40646
0.506,0.0,-0.00048,0.0,162.40646
0.507,11.0,0.00048,0.0,162.40646
0.508,0.0,0.0,0.0,162.40646
0.509,5.0,0.00048,0.0,162.40646
0.51,6.0,-0.00048,0.0,162.40646
0.511,6.0,0.00048,0.0,162.40646
0.512,6.0,0.0,0.0,162.40646
0.513,9.0,-0.00048,0.0,162.40646
0.514,-2.0,0.0,0.0,162.40646
0.515,1.0,0.00048,0.0,162.40646
0.516,2.0,-0.00095,0.0,162.40646
0.517,7.0,0.00095,0.0,162.40646
0.518,3.0,0.0,0.0,162.40646
0.519,-2.0,-0.00048,0.0,162.40646
0.52,13.0,0.0,0.0,162.40646
0.521,1.0,0.0,0.0,162.40646
0.522,2.0,0.00048,0.0,162.40646
0.523,4.0,-0.00048,0.0,162.40646
0.524,5.0,0.0,0.0,162.40646
0.525,7.0,0.0,0.0,162.40646
0.526,11.0,0.00048,0.0,162.40646
0.527,7.0,-0.00048,0.0,162.40646
0.528,2.0,-0.00095,0.0,162.40645
0.529,7.0,0.0,0.0,162.40645
0.53,5.0,0.00095,0.0,162.40646
0.531,5.0,0.0,0.0,162.40646
0.532,4.0,0.0,0.0,162.40646
0.533,7.0,-0.00048,0.0,162.40646
0.534,0.0,0.00048,0.0,162.40646
0.535,9.0,-0.00143,0.0,162.40645
0.536,14.0,0.00095,0.0,162.40646
0.537,6.0,0.0,0.0,162.40646
0.538,5.0,0.0,0.0,162.40646
0.539,-3.0,0.00048,0.0,162.40646
0.54,7.0,0.0,0.0,162.40646
0.541,16.0,0.0,0.0,162.40646
0.542,8.0,0.0,0.0,162.40646
0.543,0.0,0.0,0.0,162.40646
0.544,8.0,0.0,0.0,162.40646
0.545,6.0,0.0,0.0,162.40646
0.546,2.0,-0.00048,0.0,162.40646
0.547,7.0,0.0,0.0,162.40646
0.548,7.0,0.0,0.0,162.40646
0.549,7.0,0.00048,0.0,162.40646
0.55,8.0,-0.00048,0.0,162.40646
0.551,0.0,0.00048,0.0,162.40646
0.552,6.0,0.0,0.0,162.40646
0.553,5.0,0.0,0.0,162.40646
0.554,3.0,0.0,0.0,162.40646
0.555,11.0,0.0,0.0,162.40646
0.556,12.0,0.0,0.0,162.40646
0.557,7.0,-0.00048,0.0,162.40646
0.558,0.0,0.0,0.0,162.40646
0.559,6.0,0.00095,0.0,162.40646
0.56,3.0,-0.00048,0.0,162.40646
0.561,3.0,0.00048,0.0,162.40646
0.562,-1.0,-0.00048,0.0,162.40646
0.563,11.0,0.00048,0.0,162.40646
0.564,14.0,-0.00048,0.0,162.40646
0.565,7.0,0.00048,0.0,162.40646
0.566,8.0,0.00048,0.0,162.40646
0.567,1.0,-0.00095,0.0,162.40646
0.568,-1.0,0.0,0.0,162.40646
0.569,2.0,-0.00048,0.0,162.40646
0.57,9.0,0.00048,0.0,162.40646
0.571,3.0,-0.00048,0.0,162.40646
0.572,6.0,0.0,0.0,162.40646
0.573,13.0,0.0,0.0,162.40646
0.574,0.0,0.0,0.0,162.40646
0.575,7.0,0.00048,0.0,162.40646
0.576,5.0,-0.00095,0.0,162.40645
0.577,3.0,0.00048,0.0,162.40646
0.578,10.0,0.00048,0.0,162.40646
0.579,5.0,0.0,0.0,162.40646
0.58,8.0,0.0,0.0,162.40646
0.581,-3.0,-0.00095,0.0,162.40645
0.582,1.0,0.0,0.0,162.40645
0.583,8.0,0.00095,0.0,162.40646
0.584,-3.0,-0.00048,0.0,162.40646
0.585,6.0,0.00048,0.0,162.40646
0.586,0.0,0.0,0.0,162.40646
0.587,0.0,-0.00048,0.0,162.40646
0.588,4.0,0.00048,0.0,162.40646
0.589,14.0,-0.00048,0.0,162.40646
0.59,5.0,0.0,0.0,162.40646
0.591,10.0,0.00048,0.0,162.40646
0.592,3.0,0.0,0.0,162.40646
0.593,3.0,0.00048,0.0,162.40646
0.594,1.0,-0.00048,0.0,162.40646
0.595,4.0,0.0,0.0,162.40646
0.596,2.0,0.00048,0.0,162.40646
0.597,6.0,0.0,0.0,162.40646
0.598,-2.0,-0.00048,0.0,162.40646
0.599,10.0,0.0,0.0,162.40646
0.6,3.0,0.0,0.0,162.40646
0.601,4.0,-0.00048,0.0,162.40646
0.602,1.0,0.00048,0.0,162.40646
0.603,8.0,0.00048,0.0,162.40646
0.604,2.0,-0.00095,0.0,162.40646
0.605,0.0,0.0,0.0,162.40646
0.606,1.0,0.00048,0.0,162.40646
0.607,8.0,0.00048,0.0,162.40646
0.608,6.0,-0.00095,0.0,162.40646
0.609,3.0,0.00095,0.0,162.40646
0.61,7.0,-0.00095,0.0,162.40646
0.611,11.0,0.00048,0.0,162.40646
0.612,6.0,0.0,0.0,162.40646
0.613,0.0,0.0,0.0,162.40646
0.614,7.0,0.00048,0.0,162.40646
0.615,1.0,-0.00095,0.0,162.40646
0.616,5.0,0.00095,0.0,162.40646
0.617,-2.0,-0.00095,0.0,162.40646
0.618,-1.0,0.0,0.0,162.40646
0.619,6.0,0.00048,0.0,162.40646
0.62,3.0,0.0,0.0,162.40646
0.621,11.0,0.00048,0.0,162.40646
0.622,2.0,-0.00048,0.0,162.40646
0.623,5.0,0.0,0.0,162.40646
0.624,3.0,-0.00048,0.0,162.40646
0.625,3.0,0.00095,0.0,162.40646
0.626,3.0,0.00048,0.0,162.40646
0.627,6.0,-0.00048,0.0,162.40646
0.628,6.0,0.0,0.0,162.40646
0.629,5.0,-0.00048,0.0,162.40646
0.63,6.0,0.00048,0.0,162.40646
0.631,9.0,-0.00048,0.0,162.40646
0.632,3.0,0.00048,0.0,162.40646
0.633,4.0,-0.00095,0.0,162.40646
0.634,7.0,0.00048,0.0,162.40646
0.635,8.0,0.0,0.0,162.40646
0.636,3.0,-0.00048,0.0,162.40646
0.637,6.0,0.0,0.0,162.40646
0.638,5.0,0.0,0.0,162.40646
0.639,4.0,0.0,0.0,162.40646
0.64,9.0,0.00048,0.0,162.40646
0.641,9.0,0.0,0.0,162.40646
0.642,1.0,0.00048,0.0,162.40646
0.643,4.0,0.0,0.0,162.40646
0.644,4.0,-0.00048,0.0,162.40646
0.645,9.0,0.0,0.0,162.40646
0.646,0.0,-0.00048,0.0,162.40646
0.647,13.0,0.00048,0.0,162.40646
0.648,11.0,0.0,0.0,162.40646
0.649,2.0,0.0,0.0,162.40646
0.65,0.0,0.0,0.0,162.40646
0.651,6.0,-0.00048,0.0,162.40646
0.652,8.0,0.00048,0.0,162.40646
0.653,7.0,0.0,0.0,162.40646
0.654,0.0,0.0,0.0,162.40646
0.655,3.0,0.00095,0.0,162.40646
0.656,3.0,-0.00095,0.0,162.40646
0.657,2.0,0.0,0.0,162.40646
0.658,0.0,-0.00048,0.0,162.40646
0.659,4.0,0.0,0.0,162.40646
0.66,15.0,0.0,0.0,162.40646
0.661,1.0,0.0,0.0,162.40646
0.662,6.0,0.00048,0.0,162.40646
0.663,0.0,0.0,0.0,162.40646
0.664,0.0,-0.00048,0.0,162.40646
0.665,5.0,0.00048,0.0,162.40646
0.666,7.0,-0.00048,0.0,162.40646
0.667,4.0,0.00048,0.0,162.40646
0.668,7.0,0.00048,0.0,162.40646
0.669,-3.0,-0.00048,0.0,162.40646
0.67,4.0,0.0,0.0,162.40646
0.671,2.0,0.00048,0.0,162.40646
0.672,6.0,-0.00048,0.0,162.40646
0.673,5.0,0.00048,0.0,162.40646
0.674,3.0,-0.00048,0.0,162.40646
0.675,3.0,0.00048,0.0,162.40646
0.676,5.0,-0.00048,0.0,162.40646
0.677,0.0,0.00048,0.0,162.40646
0.678,3.0,-0.00048,0.0,162.40646
0.679,7.0,0.0,0.0,162.40646
0.68,-1.0,0.0,0.0,162.40646
0.681,1.0,0.00048,0.0,162.40646
0.682,7.0,0.0,0.0,162.40646
0.683,1.0,-0.00048,0.0,162.40646
0.684,6.0,0.0,0.0,162.40646
0.685,8.0,-0.00095,0.0,162.40645
0.686,0.0,0.00095,0.0,162.40646
0.687,4.0,-0.00048,0.0,162.40646
0.688,0.0,0.00048,0.0,162.40646
0.689,-2.0,-0.00048,0.0,162.40646
0.69,5.0,0.00095,0.0,162.40646
0.691,4.0,0.0,0.0,162.40646
0.692,6.0,-0.00095,0.0,162.40646
0.693,2.0,0.00048,0.0,162.40646
0.694,3.0,0.00095,0.0,162.40646
0.695,8.0,-0.00095,0.0,162.40646
0.696,3.0,0.00095,0.0,162.40646
0.697,0.0,-0.00095,0.0,162.40646
0.698,0.0,0.00048,0.0,162.40646
0.699,6.0,-0.00048,0.0,162.40646
0.7,6.0,0.0,0.0,162.40646
0.701,14.0,-0.00048,0.0,162.40646
0.702,2.0,0.00048,0.0,162.40646
0.703,1.0,0.00048,0.0,162.40646
0.704,-2.0,-0.00095,0.0,162.40646
0.705,2.0,0.00048,0.0,162.40646
0.706,2.0,-0.00048,0.0,162.40646
0.707,4.0,0.00048,0.0,162.40646
0.708,7.0,0.00048,0.0,162.40646
0.709,5.0,-0.00095,0.0,162.40646
0.71,6.0,0.00048,0.0,162.40646
0.711,10.0,0.00048,0.0,162.40646
0.712,4.0,0.0,0.0,162.40646
0.713,3.0,-0.00048,0.0,162.40646
0.714,2.0,0.00048,0.0,162.40646
0.715,2.0,-0.00095,0.0,162.40646
0.716,1.0,0.00048,0.0,162.40646
0.717,6.0,0.0,0.0,162.40646
0.718,4.0,0.0,0.0,162.40646
0.719,4.0,0.0,0.0,162.40646
0.72,3.0,0.0,0.0,162.40646
0.721,10.0,0.0,0.0,162.40646
0.722,3.0,-0.00048,0.0,162.40646
0.723,0.0,0.0,0.0,162.40646
0.724,6.0,0.00048,0.0,162.40646
0.725,6.0,0.0,0.0,162.40646
0.726,3.0,-0.00048,0.0,162.40646
0.727,0.0,0.00095,0.0,162.40646
0.728,1.0,0.0,0.0,162.40646
0.729,14.0,-0.00048,0.0,162.40646
0.73,4.0,0.0,0.0,162.40646
0.731,1.0,0.00048,0.0,162.40646
0.732,-6.0,-0.00048,0.0,162.40646
0.733,10.0,-0.00048,0.0,162.40646
0.734,2.0,0.00048,0.0,162.40646
0.735,2.0,0.00095,0.0,162.40646
0.736,1.0,-0.00095,0.0,162.40646
0.737,1.0,-0.00048,0.0,162.40646
0.738,8.0,0.0,0.0,162.40646
0.739,1.0,0.00048,0.0,162.40646
0.74,4.0,0.00048,0.0,162.40646
0.741,0.0,0.0,0.0,162.40646
0.742,4.0,-0.00048,0.0,162.40646
0.743,0.0,0.0,0.0,162.40646
0.744,11.0,0.0,0.0,162.40646
0.745,11.0,0.0,0.0,162.40646
0.746,5.0,-0.00048,0.0,162.40646
0.747,11.0,0.00048,0.0,162.40646
0.748,13.0,-0.00048,0.0,162.40646
0.749,8.0,0.00048,0.0,162.40646
0.75,7.0,-0.00048,0.0,162.40646
0.751,6.0,0.0,0.0,162.40646
0.752,1.0,0.00048,0.0,162.40646
0.753,11.0,0.0,0.0,162.40646
0.754,0.0,-0.00048,0.0,162.40646
0.755,10.0,0.00095,0.0,162.40646
0.756,8.0,-0.00048,0.0,162.40646
0.757,-1.0,0.0,0.0,162.40646
0.758,2.0,0.00048,0.0,162.40646
0.759,11.0,-0.00048,0.0,162.40646
0.76,7.0,0.00095,0.0,162.40646
0.761,5.0,-0.00048,0.0,162.40646
0.762,8.0,-0.00048,0.0,162.40646
0.763,5.0,0.0,0.0,162.40646
0.764,7.0,0.0,0.0,162.40646
0.765,15.0,0.00048,0.0,162.40646
0.766,2.0,-0.00048,0.0,162.40646
0.767,6.0,0.0,0.0,162.40646
0.768,8.0,0.0,0.0,162.40646
0.769,-4.0,0.00095,0.0,162.40646
0.77,9.0,-0.00095,0.0,162.40646
0.771,10.0,0.0,0.0,162.40646
0.772,2.0,0.00048,0.0,162.40646
0.773,4.0,0.0,0.0,162.40646
0.774,1.0,-0.00048,0.0,162.40646
0.775,7.0,0.00048,0.0,162.40646
0.776,5.0,0.0,0.0,162.40646
0.777,1.0,0.0,0.0,162.40646
0.778,2.0,0.00048,0.0,162.40646
0.779,11.0,-0.00048,0.0,162.40646
0.78,6.0,-0.00048,0.0,162.40646
0.781,1.0,-0.00048,0.0,162.40646
0.782,15.0,0.00095,0.0,162.40646
0.783,-2.0,-0.00048,0.0,162.40646
0.784,7.0,0.00048,0.0,162.40646
0.785,5.0,-0.00048,0.0,162.40646
0.786,13.0,0.0,0.0,162.40646
0.787,1.0,-0.00048,0.0,162.40646
0.788,3.0,0.00048,0.0,162.40646
0.789,0.0,-0.00048,0.0,162.40646
0.79,7.0,0.00048,0.0,162.40646
0.791,6.0,-0.00048,0.0,162.40646
0.792,6.0,0.0,0.0,162.40646
0.793,0.0,0.00048,0.0,162.40646
0.794,8.0,-0.00048,0.0,162.40646
0.795,9.0,0.0,0.0,162.40646
0.796,-3.0,0.00048,0.0,162.40646
0.797,0.0,0.0,0.0,162.40646
0.798,8.0,-0.00048,0.0,162.40646
0.799,2.0,0.00048,0.0,162.40646
0.8,5.0,0.0,0.0,162.40646
0.801,8.0,0.0,0.0,162.40646
0.802,8.0,0.00048,0.0,162.40646
0.803,8.0,-0.00048,0.0,162.40646
0.804,8.0,0.0,0.0,162.40646
0.805,0.0,-0.00048,0.0,162.40646
0.806,8.0,0.0,0.0,162.40646
0.807,8.0,0.00048,0.0,162.40646
0.808,10.0,0.0,0.0,162.40646
0.809,11.0,-0.00048,0.0,162.40646
0.81,-9.0,0.00095,0.0,162.40646
0.811,-1.0,0.0,0.0,162.40646
0.812,-2.0,0.0,0.0,162.40646
0.813,9.0,-0.00048,0.0,162.40646
0.814,6.0,0.00048,0.0,162.40646
0.815,0.0,-0.00095,0.0,162.40646
0.816,6.0,0.00048,0.0,162.40646
0.817,7.0,0.0,0.0,162.40646
0.818,5.0,0.00048,0.0,162.40646
0.819,9.0,0.0,0.0,162.40646
0.82,4.0,-0.00048,0.0,162.40646
0.821,13.0,-0.00048,0.0,162.40646
0.822,2.0,0.00095,0.0,162.40646
0.823,7.0,-0.00048,0.0,162.40646
0.824,1.0,0.00048,0.0,162.40646
0.825,7.0,-0.00048,0.0,162.40646
0.826,10.0,0.00095,0.0,162.40646
0.827,1.0,-0.00048,0.0,162.40646
0.828,12.0,0.0,0.0,162.40646
0.829,6.0,-0.00095,0.0,162.40646
0.83,8.0,0.00048,0.0,162.40646
0.831,0.0,0.0,0.0,162.40646
0.832,0.0,0.00048,0.0,162.40646
0.833,5.0,-0.00048,0.0,162.40646
0.834,8.0,0.0,0.0,162.40646
0.835,-1.0,0.0,0.0,162.40646
0.836,6.0,0.0,0.0,162.40646
0.837,8.0,-0.00048,0.0,162.40646
0.838,9.0,0.0,0.0,162.40646
0.839,11.0,0.0,0.0,162.40646
0.84,4.0,0.0,0.0,162.40646
0.841,6.0,0.00048,0.0,162.40646
0.842,15.0,0.00048,0.0,162.40646
0.843,7.0,-0.00095,0.0,162.40646
0.844,4.0,0.0,0.0,162.40646
0.845,8.0,0.0,0.0,162.40646
0.846,3.0,0.00048,0.0,162.40646
0.847,0.0,-0.00048,0.0,162.40646
0.848,3.0,0.00048,0.0,162.40646
0.849,13.0,-0.00048,0.0,162.40646
0.85,6.0,0.00048,0.0,162.40646
0.851,-4.0,0.0,0.0,162.40646
0.852,2.0,0.0,0.0,162.40646
0.853,-1.0,0.0,0.0,162.40646
0.854,2.0,0.00048,0.0,162.40646
0.855,0.0,0.0,0.0,162.40646
0.856,5.0,-0.00048,0.0,162.40646
0.857,5.0,0.0,0.0,162.40646
0.858,0.0,0.00048,0.0,162.40646
0.859,0.0,-0.00048,0.0,162.40646
0.86,10.0,0.0,0.0,162.40646
0.861,2.0,-0.00048,0.0,162.40646
0.862,2.0,0.00048,0.0,162.40646
0.863,8.0,0.00095,0.0,162.40646
0.864,1.0,-0.00048,0.0,162.40646
0.865,4.0,0.00048,0.0,162.40646
0.866,8.0,-0.00048,0.0,162.40646
0.867,3.0,0.0,0.0,162.40646
0.868,3.0,0.0,0.0,162.40646
0.869,0.0,0.0,0.0,162.40646
0.87,7.0,0.0,0.0,162.40646
0.871,7.0,0.0,0.0,162.40646
0.872,3.0,0.0,0.0,162.40646
0.873,8.0,0.0,0.0,162.40646
0.874,4.0,0.0,0.0,162.40646
0.875,8.0,-0.00048,0.0,162.40646
0.876,7.0,0.00048,0.0,162.40646
0.877,3.0,0.00048,0.0,162.40646
0.878,7.0,-0.00048,0.0,162.40646
0.879,2.0,-0.00048,0.0,162.40646
0.88,8.0,0.0,0.0,162.40646
0.881,16.0,0.00048,0.0,162.40646
0.882,10.0,-0.00095,0.0,162.40646
0.883,-2.0,0.00048,0.0,162.40646
0.884,-2.0,0.0,0.0,162.40646
0.885,6.0,0.0,0.0,162.40646
0.886,12.0,0.0,0.0,162.40646
0.887,1.0,-0.00048,0.0,162.40646
0.888,7.0,0.0,0.0,162.40646
0.889,4.0,-0.00048,0.0,162.40645
0.89,4.0,0.00048,0.0,162.40646
0.891,0.0,0.0,0.0,162.40646
0.892,13.0,0.00048,0.0,162.40646
0.893,-1.0,-0.00048,0.0,162.40646
0.894,0.0,0.0,0.0,162.40646
0.895,11.0,0.0,0.0,162.40646
0.896,12.0,0.0,0.0,162.40646
0.897,5.0,0.00095,0.0,162.40646
0.898,3.0,-0.00048,0.0,162.40646
0.899,1.0,0.0,0.0,162.40646
0.9,3.0,0.0,0.0,162.40646
0.901,4.0,0.0,0.0,162.40646
0.902,0.0,0.0,0.0,162.40646
0.903,4.0,0.00095,0.0,162.40646
0.904,1.0,-0.00095,0.0,162.40646
0.905,0.0,0.00095,0.0,162.40646
0.906,7.0,-0.00143,0.0,162.40646
0.907,0.0,0.00048,0.0,162.40646
0.908,0.0,0.0,0.0,162.40646
0.909,8.0,-0.00048,0.0,162.40646
0.91,8.0,0.00095,0.0,162.40646
0.911,5.0,-0.00095,0.0,162.40646
0.912,8.0,0.0,0.0,162.40646
0.913,9.0,0.00048,0.0,162.40646
0.914,5.0,-0.00048,0.0,162.40646
0.915,6.0,0.00095,0.0,162.40646
0.916,5.0,0.00048,0.0,162.40646
0.917,3.0,-0.00143,0.0,162.40646
0.918,4.0,0.00048,0.0,162.40646
0.919,8.0,0.0,0.0,162.40646
0.92,7.0,-0.00048,0.0,162.40646
0.921,4.0,0.00048,0.0,162.40646
0.922,0.0,0.0,0.0,162.40646
0.923,7.0,-0.00048,0.0,162.40646
0.924,4.0,0.00048,0.0,162.40646
0.925,5.0,-0.00048,0.0,162.40646
0.926,8.0,0.00048,0.0,162.40646
0.927,0.0,0.0,0.0,162.40646
0.928,2.0,-0.00095,0.0,162.40645
0.929,1.0,0.00143,0.0,162.40646
0.93,3.0,-0.00095,0.0,162.40646
0.931,8.0,0.0,0.0,162.40646
0.932,3.0,0.00048,0.0,162.40646
0.933,12.0,-0.00048,0.0,162.40646
0.934,4.0,0.00095,0.0,162.40646
0.935,9.0,-0.00048,0.0,162.40646
0.936,6.0,0.0,0.0,162.40646
0.937,7.0,-0.00048,0.0,162.40646
0.938,4.0,0.0,0.0,162.40646
0.939,1.0,0.00048,0.0,162.40646
0.94,7.0,0.0,0.0,162.40646
0.941,6.0,-0.00048,0.0,162.40646
0.942,7.0,0.00048,0.0,162.40646
0.943,8.0,0.0,0.0,162.40646
0.944,11.0,-0.00048,0.0,162.40646
0.945,0.0,0.0,0.0,162.40646
0.946,1.0,0.0,0.0,162.40646
0.947,6.0,0.00048,0.0,162.40646
0.948,9.0,0.0,0.0,162.40646
0.949,0.0,0.0,0.0,162.40646
0.95,1.0,0.0,0.0,162.40646
0.951,13.0,0.00048,0.0,162.40646
0.952,3.0,-0.00048,0.0,162.40646
0.953,1.0,0.00048,0.0,162.40646
0.954,0.0,-0.00048,0.0,162.40646
0.955,1.0,0.00048,0.0,162.40646
0.956,1.0,-0.00095,0.0,162.40646
0.957,7.0,0.00048,0.0,162.40646
0.958,3.0,0.0,0.0,162.40646
0.959,1.0,0.0,0.0,162.40646
0.96,1.0,-0.00048,0.0,162.40646
0.961,7.0,0.00048,0.0,162.40646
0.962,6.0,0.0,0.0,162.40646
0.963,0.0,0.0,0.0,162.40646
0.964,1.0,0.00048,0.0,162.40646
0.965,10.0,-0.00048,0.0,162.40646
0.966,-3.0,-0.00048,0.0,162.40646
0.967,10.0,0.00095,0.0,162.40646
0.968,3.0,-0.00095,0.0,162.40646
0.969,7.0,-0.00048,0.0,162.40645
0.97,0.0,0.00048,0.0,162.40646
0.971,4.0,0.00095,0.0,162.40646
0.972,7.0,-0.00143,0.0,162.40645
0.973,-5.0,0.0,0.0,162.40645
0.974,-3.0,0.00143,0.0,162.40646
0.975,5.0,-0.00143,0.0,162.40645
0.976,8.0,0.00095,0.0,162.40646
0.977,6.0,-0.00048,0.0,162.40646
0.978,7.0,0.0,0.0,162.40646
0.979,-2.0,0.0,0.0,162.40646
0.98,4.0,0.00048,0.0,162.40646
0.981,6.0,-0.00048,0.0,162.40646
0.982,6.0,0.0,0.0,162.40646
0.983,1.0,0.00048,0.0,162.40646
0.984,4.0,0.0,0.0,162.40646
0.985,3.0,-0.00048,0.0,162.40646
0.986,1.0,0.0,0.0,162.40646
0.987,7.0,0.00048,0.0,162.40646
0.988,20.0,0.0,0.0,162.40646
0.989,17.0,-0.00095,0.0,162.40645
0.99,8.0,0.00095,0.0,162.40646
0.991,-2.0,0.0,0.0,162.40646
0.992,4.0,-0.00048,0.0,162.40646
0.993,-3.0,0.0,0.0,162.40646
0.994,6.0,0.00048,0.0,162.40646
0.995,1.0,0.0,0.0,162.40646
0.996,1.0,0.0,0.0,162.40646
0.997,10.0,0.00048,0.0,162.40646
0.998,6.0,-0.00048,0.0,162.40646
0.999,4.0,-0.00048,0.0,162.40646
1.0,10.0,0.00095,0.0,162.40646
1.001,-1.0,-0.00048,0.0,162.40646
1.002,3.0,0.0,0.0,162.40646
1.003,2.0,0.00048,0.0,162.40646
1.004,5.0,0.0,0.0,162.40646
1.005,6.0,-0.00048,0.0,162.40646
1.006,5.0,0.00048,0.0,162.40646
1.007,7.0,-0.00048,0.0,162.40646
1.008,2.0,0.0,0.0,162.40646
1.009,6.0,0.00048,0.0,162.40646
1.01,8.0,-0.00048,0.0,162.40646
1.011,6.0,0.00048,0.0,162.40646
1.012,7.0,-0.00048,0.0,162.40646
1.013,6.0,0.0,0.0,162.40646
1.014,3.0,0.0,0.0,162.40646
1.015,11.0,0.00048,0.0,162.40646
1.016,1.0,0.00048,0.0,162.40646
1.017,4.0,-0.00095,0.0,162.40646
1.018,7.0,0.0,0.0,162.40646
1.019,7.0,0.0,0.0,162.40646
1.02,6.0,0.00048,0.0,162.40646
1.021,10.0,-0.00048,0.0,162.40646
1.022,5.0,-0.00048,0.0,162.40646
1.023,4.0,0.00048,0.0,162.40646
1.024,2.0,0.0,0.0,162.40646
1.025,6.0,-0.00048,0.0,162.40646
1.026,1.0,0.00048,0.0,162.40646
1.027,5.0,0.0,0.0,162.40646
1.028,6.0,0.0,0.0,162.40646
1.029,7.0,0.0,0.0,162.40646
1.03,6.0,0.0,0.0,162.40646
1.031,9.0,-0.00048,0.0,162.40646
1.032,9.0,0.00048,0.0,162.40646
1.033,8.0,0.0,0.0,162.40646
1.034,14.0,-0.00048,0.0,162.40646
1.035,3.0,0.0,0.0,162.40646
1.036,7.0,0.00095,0.0,162.40646
1.037,-1.0,-0.00095,0.0,162.40646
1.038,3.0,-0.00048,0.0,162.40645
1.039,13.0,0.00048,0.0,162.40646
1.04,5.0,0.00048,0.0,162.40646
1.041,8.0,-0.00048,0.0,162.40646
1.042,11.0,0.0,0.0,162.40646
1.043,10.0,0.00048,0.0,162.40646
1.044,6.0,0.0,0.0,162.40646
1.045,-2.0,-0.00048,0.0,162.40646
1.046,8.0,0.00095,0.0,162.40646
1.047,7.0,0.0,0.0,162.40646
1.048,7.0,-0.00048,0.0,162.40646
1.049,5.0,-0.00048,0.0,162.40646
1.05,9.0,0.0,0.0,162.40646
1.051,9.0,0.00095,0.0,162.40646
1.052,4.0,-0.00048,0.0,162.40646
1.053,8.0,-0.00048,0.0,162.40646
1.054,-1.0,0.00048,0.0,162.40646
1.055,8.0,0.0,0.0,162.40646
1.056,12.0,-0.00048,0.0,162.40646
1.057,9.0,0.0,0.0,162.40646
1.058,2.0,0.00095,0.0,162.40646
1.059,5.0,-0.00048,0.0,162.40646
1.06,10.0,0.0,0.0,162.40646
1.061,3.0,-0.00048,0.0,162.40646
1.062,10.0,0.00095,0.0,162.40646
1.063,11.0,0.0,0.0,162.40646
1.064,5.0,0.00048,0.0,162.40646
1.065,8.0,-0.00048,0.0,162.40646
1.066,12.0,0.0,0.0,162.40646
1.067,5.0,-0.00048,0.0,162.40646
1.068,3.0,0.0,0.0,162.40646
1.069,-4.0,0.00048,0.0,162.40646
1.07,3.0,-0.00048,0.0,162.40646
1.071,0.0,0.0,0.0,162.40646
1.072,6.0,-0.00048,0.0,162.40646
1.073,7.0,0.00048,0.0,162.40646
1.074,-4.0,-0.00048,0.0,162.40646
1.075,3.0,0.00095,0.0,162.40646
1.076,1.0,-0.00048,0.0,162.40646
1.077,6.0,0.00048,0.0,162.40646
1.078,2.0,-0.00048,0.0,162.40646
1.079,11.0,0.00048,0.0,162.40646
1.08,7.0,-0.00048,0.0,162.40646
1.081,4.0,0.0,0.0,162.40646
1.082,3.0,0.0,0.0,162.40646
1.083,0.0,-0.00048,0.0,162.40646
1.084,8.0,0.00095,0.0,162.40646
1.085,4.0,0.00048,0.0,162.40646
1.086,7.0,-0.00095,0.0,162.40646
1.087,14.0,0.0,0.0,162.40646
1.088,10.0,0.00048,0.0,162.40646
1.089,4.0,0.0,0.0,162.40646
1.09,-1.0,-0.00048,0.0,162.40646
1.091,15.0,0.0,0.0,162.40646
1.092,2.0,-0.00048,0.0,162.40646
1.093,1.0,0.00048,0.0,162.40646
1.094,7.0,0.00048,0.0,162.40646
1.095,6.0,-0.00048,0.0,162.40646
1.096,6.0,0.00048,0.0,162.40646
1.097,17.0,-0.00048,0.0,162.40646
1.098,9.0,0.0,0.0,162.40646
1.099,0.0,-0.00095,0.0,162.40645
1.1,3.0,0.00095,0.0,162.40646
1.101,0.0,-0.00095,0.0,162.40645
1.102,17.0,0.00095,0.0,162.40646
1.103,0.0,0.0,0.0,162.40646
1.104,4.0,-0.00048,0.0,162.40646
1.105,4.0,0.00048,0.0,162.40646
1.106,6.0,-0.00048,0.0,162.40646
1.107,10.0,0.0,0.0,162.40646
1.108,-6.0,0.00048,0.0,162.40646
1.109,3.0,0.00048,0.0,162.40646
1.11,10.0,-0.00048,0.0,162.40646
1.111,5.0,0.0,0.0,162.40646
1.112,7.0,0.0,0.0,162.40646
1.113,7.0,0.00095,0.0,162.40646
1.114,7.0,-0.00048,0.0,162.40646
1.115,7.0,-0.00095,0.0,162.40646
1.116,6.0,0.00048,0.0,162.40646
1.117,3.0,0.0,0.0,162.40646
1.118,1.0,0.0,0.0,162.40646
1.119,-1.0,0.0,0.0,162.40646
1.12,6.0,-0.00048,0.0,162.40646
1.121,6.0,-0.00048,0.0,162.40645
1.122,4.0,0.00048,0.0,162.40646
1.123,7.0,0.0,0.0,162.40646
1.124,8.0,0.00048,0.0,162.40646
1.125,10.0,-0.00048,0.0,162.40646
1.126,4.0,0.00095,0.0,162.40646
1.127,-1.0,-0.00048,0.0,162.40646
1.128,1.0,0.0,0.0,162.40646
1.129,14.0,0.00048,0.0,162.40646
1.13,7.0,-0.00048,0.0,162.40646
1.131,3.0,0.0,0.0,162.40646
1.132,1.0,0.0,0.0,162.40646
1.133,5.0,0.0,0.0,162.40646
1.134,3.0,-0.00048,0.0,162.40646
1.135,3.0,0.00143,0.0,162.40646
1.136,2.0,-0.00095,0.0,162.40646
1.137,8.0,0.0,0.0,162.40646
1.138,3.0,0.00095,0.0,162.40646
1.139,4.0,-0.00095,0.0,162.40646
1.14,0.0,-0.00048,0.0,162.40646
1.141,-2.0,0.00048,0.0,162.40646
1.142,0.0,0.00048,0.0,162.40646
1.143,5.0,-0.00048,0.0,162.40646
1.144,1.0,0.0,0.0,162.40646
1.145,0.0,0.0,0.0,162.40646
1.146,4.0,0.0,0.0,162.40646
1.147,3.0,0.00048,0.0,162.40646
1.148,-3.0,0.0,0.0,162.40646
1.149,10.0,0.0,0.0,162.40646
1.15,4.0,0.0,0.0,162.40646
1.151,6.0,-0.00048,0.0,162.40646
1.152,-2.0,0.0,0.0,162.40646
1.153,3.0,0.00048,0.0,162.40646
1.154,2.0,0.00048,0.0,162.40646
1.155,5.0,-0.00095,0.0,162.40646
1.156,0.0,0.0,0.0,162.40646
1.157,-1.0,0.00048,0.0,162.40646
1.158,1.0,-0.00048,0.0,162.40646
1.159,5.0,0.0,0.0,162.40646
1.16,3.0,0.00048,0.0,162.40646
1.161,1.0,0.0,0.0,162.40646
1.162,7.0,0.0,0.0,162.40646
1.163,15.0,-0.00095,0.0,162.40646
1.164,6.0,0.00048,0.0,162.40646
1.165,6.0,-0.00048,0.0,162.40646
1.166,5.0,0.00095,0.0,162.40646
1.167,10.0,-0.00048,0.0,162.40646
1.168,4.0,0.0,0.0,162.40646
1.169,5.0,0.00048,0.0,162.40646
1.17,1.0,-0.00095,0.0,162.40646
1.171,2.0,0.00095,0.0,162.40646
1.172,0.0,-0.00048,0.0,162.40646
1.173,1.0,-0.00095,0.0,162.40645
1.174,0.0,0.00048,0.0,162.40646
1.175,8.0,0.00048,0.0,162.40646
1.176,2.0,0.0,0.0,162.40646
1.177,1.0,0.0,0.0,162.40646
1.178,6.0,-0.00095,0.0,162.40645
1.179,5.0,0.00095,0.0,162.40646
1.18,9.0,0.00048,0.0,162.40646
1.181,3.0,-0.00048,0.0,162.40646
1.182,6.0,0.0,0.0,162.40646
1.183,2.0,0.00048,0.0,162.40646
1.184,8.0,-0.00048,0.0,162.40646
1.185,2.0,0.00048,0.0,162.40646
1.186,4.0,0.0,0.0,162.40646
1.187,4.0,-0.00048,0.0,162.40646
1.188,-3.0,0.0,0.0,162.40646
1.189,6.0,0.0,0.0,162.40646
1.19,2.0,0.00048,0.0,162.40646
1.191,2.0,0.0,0.0,162.40646
1.192,2.0,-0.00048,0.0,162.40646
1.193,9.0,0.0,0.0,162.40646
1.194,-1.0,0.00095,0.0,162.40646
1.195,2.0,-0.00143,0.0,162.40646
1.196,0.0,0.0,0.0,162.40646
1.197,6.0,0.0,0.0,162.40646
1.198,3.0,0.00048,0.0,162.40646
1.199,7.0,0.0,0.0,162.40646
1.2,-2.0,0.0,0.0,162.40646
1.201,6.0,0.0,0.0,162.40646
1.202,13.0,-0.00048,0.0,162.40646
1.203,2.0,0.00048,0.0,162.40646
1.204,2.0,-0.00095,0.0,162.40645
1.205,5.0,0.00095,0.0,162.40646
1.206,0.0,-0.00048,0.0,162.40646
1.207,3.0,0.0,0.0,162.40646
1.208,0.0,0.00048,0.0,162.40646
1.209,5.0,-0.00048,0.0,162.40646
1.21,10.0,0.00048,0.0,162.40646
1.211,3.0,-0.00048,0.0,162.40646
1.212,0.0,-0.00048,0.0,162.40645
1.213,0.0,0.00048,0.0,162.40646
1.214,7.0,0.0,0.0,162.40646
1.215,-1.0,-0.00048,0.0,162.40645
1.216,3.0,0.0,0.0,162.40645
1.217,3.0,0.00048,0.0,162.40646
1.218,1.0,0.0,0.0,162.40646
1.219,2.0,0.00048,0.0,162.40646
1.22,6.0,0.0,0.0,162.40646
1.221,-6.0,0.0,0.0,162.40646
1.222,10.0,0.0,0.0,162.40646
1.223,7.0,0.0,0.0,162.40646
1.224,8.0,0.0,0.0,162.40646
1.225,16.0,-0.00048,0.0,162.40646
1.226,3.0,0.0,0.0,162.40646
1.227,9.0,0.00095,0.0,162.40646
1.228,-1.0,-0.00095,0.0,162.40646
1.229,3.0,0.00048,0.0,162.40646
1.23,-3.0,-0.00048,0.0,162.40646
1.231,7.0,0.00048,0.0,162.40646
1.232,-3.0,0.0,0.0,162.40646
1.233,15.0,-0.00048,0.0,162.40646
1.234,4.0,0.00048,0.0,162.40646
1.235,-1.0,0.0,0.0,162.40646
1.236,6.0,0.0,0.0,162.40646
1.237,0.0,0.00048,0.0,162.40646
1.238,3.0,-0.00048,0.0,162.40646
1.239,0.0,0.0,0.0,162.40646
1.24,0.0,0.0,0.0,162.40646
1.241,3.0,-0.00048,0.0,162.40646
1.242,12.0,0.00048,0.0,162.40646
1.243,5.0,-0.00095,0.0,162.40645
1.244,5.0,0.0,0.0,162.40645
1.245,-2.0,0.00095,0.0,162.40646
1.246,12.0,0.0,0.0,162.40646
1.247,2.0,-0.00048,0.0,162.40646
1.248,2.0,0.0,0.0,162.40646
1.249,7.0,0.00048,0.0,162.40646
1.25,7.0,0.0,0.0,162.40646
1.251,9.0,0.0,0.0,162.40646
1.252,0.0,-0.00048,0.0,162.40646
1.253,2.0,0.0,0.0,162.40646
1.254,-1.0,0.0,0.0,162.40646
1.255,8.0,0.0,0.0,162.40646
1.256,9.0,0.0,0.0,162.40646
1.257,11.0,0.0,0.0,162.40646
1.258,7.0,0.0,0.0,162.40646
1.259,6.0,0.00048,0.0,162.40646
1.26,4.0,-0.00095,0.0,162.40645
1.261,0.0,0.00048,0.0,162.40646
1.262,0.0,0.0,0.0,162.40646
1.263,6.0,0.00048,0.0,162.40646
1.264,-1.0,-0.00048,0.0,162.40646
1.265,10.0,-0.00048,0.0,162.40645
1.266,2.0,0.00095,0.0,162.40646
1.267,4.0,0.0,0.0,162.40646
1.268,6.0,-0.00048,0.0,162.40646
1.269,6.0,-0.00048,0.0,162.40645
1.27,5.0,0.00048,0.0,162.40646
1.271,0.0,-0.00048,0.0,162.40645
1.272,4.0,0.00048,0.0,162.40646
1.273,7.0,0.0,0.0,162.40646
1.274,9.0,0.0,0.0,162.40646
1.275,6.0,0.00048,0.0,162.40646
1.276,13.0,0.0,0.0,162.40646
1.277,12.0,0.00048,0.0,162.40646
1.278,11.0,-0.00048,0.0,162.40646
1.279,-4.0,-0.00048,0.0,162.40646
1.28,7.0,0.0,0.0,162.40646
1.281,1.0,0.00048,0.0,162.40646
1.282,12.0,0.0,0.0,162.40646
1.283,2.0,0.0,0.0,162.40646
1.284,0.0,0.0,0.0,162.40646
1.285,-3.0,-0.00048,0.0,162.40646
1.286,10.0,0.00143,0.0,162.40646
1.287,4.0,0.0,0.0,162.40646
1.288,5.0,-0.00143,0.0,162.40646
1.289,3.0,0.00048,0.0,162.40646
1.29,1.0,0.0,0.0,162.40646
1.291,8.0,0.0,0.0,162.40646
1.292,7.0,0.0,0.0,162.40646
1.293,4.0,0.00048,0.0,162.40646
1.294,9.0,-0.00048,0.0,162.40646
1.295,4.0,0.0,0.0,162.40646
1.296,1.0,0.00048,0.0,162.40646
1.297,-3.0,-0.00048,0.0,162.40646
1.298,10.0,-0.00048,0.0,162.40646
1.299,4.0,0.00048,0.0,162.40646
1.3,7.0,0.0,0.0,162.40646
1.301,8.0,0.00048,0.0,162.40646
1.302,5.0,-0.00095,0.0,162.40646
1.303,8.0,0.00048,0.0,162.40646
1.304,4.0,-0.00048,0.0,162.40646
1.305,6.0,0.0,0.0,162.40646
1.306,2.0,0.00048,0.0,162.40646
1.307,5.0,0.0,0.0,162.40646
1.308,0.0,0.0,0.0,162.40646
1.309,4.0,0.0,0.0,162.40646
1.31,4.0,0.00048,0.0,162.40646
1.311,3.0,-0.00095,0.0,162.40646
1.312,3.0,0.00048,0.0,162.40646
1.313,7.0,0.0,0.0,162.40646
1.314,7.0,0.00048,0.0,162.40646
1.315,9.0,-0.00048,0.0,162.40646
1.316,7.0,-0.00048,0.0,162.40646
1.317,6.0,0.00048,0.0,162.40646
1.318,7.0,-0.00048,0.0,162.40646
1.319,8.0,0.00048,0.0,162.40646
1.32,5.0,0.0,0.0,162.40646
1.321,2.0,0.0,0.0,162.40646
1.322,3.0,-0.00048,0.0,162.40646
1.323,7.0,0.00095,0.0,162.40646
1.324,1.0,-0.00095,0.0,162.40646
1.325,-3.0,0.0,0.0,162.40646
1.326,-3.0,0.00048,0.0,162.40646
1.327,5.0,-0.00048,0.0,162.40646
1.328,11.0,0.00048,0.0,162.40646
1.329,-2.0,-0.00048,0.0,162.40646
1.33,8.0,0.00048,0.0,162.40646
1.331,3.0,0.00048,0.0,162.40646
1.332,3.0,0.0,0.0,162.40646
1.333,10.0,-0.00048,0.0,162.40646
1.334,11.0,0.00048,0.0,162.40646
1.335,8.0,-0.00048,0.0,162.40646
1.336,6.0,0.00048,0.0,162.40646
1.337,9.0,0.0,0.0,162.40646
1.338,16.0,-0.00095,0.0,162.40646
1.339,3.0,0.0,0.0,162.40646
1.34,5.0,0.00048,0.0,162.40646
1.341,7.0,-0.00048,0.0,162.40646
1.342,10.0,0.00095,0.0,162.40646
1.343,0.0,0.0,0.0,162.40646
1.344,4.0,0.0,0.0,162.40646
1.345,0.0,-0.00095,0.0,162.40646
1.346,8.0,0.00048,0.0,162.40646
1.347,4.0,0.00048,0.0,162.40646
1.348,7.0,-0.00048,0.0,162.40646
1.349,0.0,0.00048,0.0,162.40646
1.35,9.0,-0.00048,0.0,162.40646
1.351,5.0,0.0,0.0,162.40646
1.352,13.0,0.00048,0.0,162.40646
1.353,1.0,0.00048,0.0,162.40646
1.354,8.0,-0.00095,0.0,162.40646
1.355,3.0,0.00048,0.0,162.40646
1.356,3.0,-0.00048,0.0,162.40646
1.357,3.0,0.0,0.0,162.40646
1.358,4.0,0.0,0.0,162.40646
1.359,1.0,0.00048,0.0,162.40646
1.36,1.0,-0.00048,0.0,162.40646
1.361,4.0,0.0,0.0,162.40646
1.362,6.0,0.0,0.0,162.40646
1.363,2.0,0.00048,0.0,162.40646
1.364,6.0,0.00048,0.0,162.40646
1.365,7.0,-0.00048,0.0,162.40646
1.366,11.0,0.0,0.0,162.40646
1.367,0.0,0.0,0.0,162.40646
1.368,2.0,-0.00048,0.0,162.40646
1.369,7.0,0.0,0.0,162.40646
1.37,12.0,0.0,0.0,162.40646
1.371,-1.0,0.0,0.0,162.40646
1.372,3.0,0.0,0.0,162.40646
1.373,1.0,0.00048,0.0,162.40646
1.374,3.0,-0.00048,0.0,162.40646
1.375,15.0,0.0,0.0,162.40646
1.376,6.0,0.0,0.0,162.40646
1.377,3.0,0.0,0.0,162.40646
1.378,3.0,0.0,0.0,162.40646
1.379,8.0,-0.00048,0.0,162.40646
1.38,9.0,0.00048,0.0,162.40646
1.381,4.0,0.00048,0.0,162.40646
1.382,10.0,0.0,0.0,162.40646
1.383,3.0,-0.00048,0.0,162.40646
1.384,0.0,0.0,0.0,162.40646
1.385,12.0,-0.00048,0.0,162.40646
1.386,5.0,0.0,0.0,162.40646
1.387,4.0,0.0,0.0,162.40646
1.388,-1.0,0.00048,0.0,162.40646
1.389,3.0,0.00048,0.0,162.40646
1.39,1.0,-0.00048,0.0,162.40646
1.391,6.0,0.00048,0.0,162.40646
1.392,0.0,-0.00095,0.0,162.40646
1.393,4.0,0.00048,0.0,162.40646
1.394,6.0,0.0,0.0,162.40646
1.395,2.0,0.0,0.0,162.40646
1.396,0.0,-0.00048,0.0,162.40646
1.397,3.0,0.0,0.0,162.40646
1.398,-3.0,0.00143,0.0,162.40646
1.399,6.0,-0.00048,0.0,162.40646
1.4,0.0,-0.00143,0.0,162.40646
1.401,1.0,0.00048,0.0,162.40646
1.402,-3.0,0.00048,0.0,162.40646
1.403,9.0,0.0,0.0,162.40646
1.404,4.0,-0.00048,0.0,162.40646
1.405,4.0,0.0,0.0,162.40646
1.406,-2.0,0.00048,0.0,162.40646
1.407,-1.0,0.0,0.0,162.40646
1.408,6.0,-0.00048,0.0,162.40646
1.409,3.0,0.0,0.0,162.40646
1.41,7.0,0.00095,0.0,162.40646
1.411,2.0,-0.00095,0.0,162.40646
1.412,5.0,0.0,0.0,162.40646
1.413,9.0,0.0,0.0,162.40646
1.414,0.0,0.00095,0.0,162.40646
1.415,7.0,-0.00048,0.0,162.40646
1.416,-2.0,-0.00095,0.0,162.40646
1.417,6.0,0.00048,0.0,162.40646
1.418,2.0,0.00095,0.0,162.40646
1.419,9.0,-0.00048,0.0,162.40646
1.42,6.0,0.0,0.0,162.40646
1.421,-1.0,-0.00048,0.0,162.40646
1.422,5.0,0.00048,0.0,162.40646
1.423,8.0,-0.00048,0.0,162.40646
1.424,13.0,0.00048,0.0,162.40646
1.425,7.0,0.0,0.0,162.40646
1.426,9.0,0.00048,0.0,162.40646
1.427,2.0,-0.00095,0.0,162.40646
1.428,12.0,0.0,0.0,162.40646
1.429,6.0,0.00048,0.0,162.40646
1.43,3.0,0.0,0.0,162.40646
1.431,1.0,-0.00048,0.0,162.40646
1.432,1.0,0.0,0.0,162.40646
1.433,8.0,0.00095,0.0,162.40646
1.434,8.0,0.00048,0.0,162.40646
1.435,3.0,-0.00095,0.0,162.40646
1.436,3.0,0.00048,0.0,162.40646
1.437,15.0,0.0,0.0,162.40646
1.438,1.0,-0.00095,0.0,162.40646
1.439,5.0,0.00048,0.0,162.40646
1.44,3.0,-0.00048,0.0,162.40646
1.441,9.0,0.0,0.0,162.40646
1.442,2.0,0.00095,0.0,162.40646
1.443,10.0,-0.00048,0.0,162.40646
1.444,8.0,0.0,0.0,162.40646
1.445,-3.0,0.00048,0.0,162.40646
1.446,5.0,-0.00095,0.0,162.40646
1.447,9.0,0.00048,0.0,162.40646
1.448,5.0,0.00048,0.0,162.40646
1.449,9.0,-0.00048,0.0,162.40646
1.45,0.0,0.0,0.0,162.40646
1.451,0.0,0.00095,0.0,162.40646
1.452,2.0,-0.00095,0.0,162.40646
1.453,9.0,0.00048,0.0,162.40646
1.454,0.0,-0.00048,0.0,162.40646
1.455,3.0,0.00048,0.0,162.40646
1.456,1.0,0.0,0.0,162.40646
1.457,7.0,-0.00095,0.0,162.40646
1.458,10.0,0.0,0.0,162.40646
1.459,6.0,0.0,0.0,162.40646
1.46,7.0,0.0,0.0,162.40646
1.461,6.0,0.0,0.0,162.40646
1.462,4.0,-0.00048,0.0,162.40646
1.463,8.0,0.00048,0.0,162.40646
1.464,4.0,0.00048,0.0,162.40646
1.465,3.0,0.00048,0.0,162.40646
1.466,7.0,-0.00048,0.0,162.40646
1.467,1.0,0.0,0.0,162.40646
1.468,6.0,0.0,0.0,162.40646
1.469,5.0,-0.00048,0.0,162.40646
1.47,4.0,0.00048,0.0,162.40646
1.471,6.0,0.0,0.0,162.40646
1.472,8.0,-0.00048,0.0,162.40646
1.473,5.0,0.0,0.0,162.40646
1.474,7.0,0.00048,0.0,162.40646
1.475,5.0,0.0,0.0,162.40646
1.476,-4.0,0.0,0.0,162.40646
1.477,8.0,0.00048,0.0,162.40646
1.478,4.0,-0.00048,0.0,162.40646
1.479,-1.0,0.0,0.0,162.40646
1.48,3.0,0.0,0.0,162.40646
1.481,4.0,0.0,0.0,162.40646
1.482,1.0,0.00048,0.0,162.40646
1.483,-1.0,-0.00048,0.0,162.40646
1.484,5.0,-0.00048,0.0,162.40646
1.485,1.0,0.00095,0.0,162.40646
1.486,9.0,-0.00048,0.0,162.40646
1.487,5.0,0.0,0.0,162.40646
1.488,-3.0,0.0,0.0,162.40646
1.489,4.0,0.0,0.0,162.40646
1.49,9.0,0.0,0.0,162.40646
1.491,5.0,0.0,0.0,162.40646
1.492,5.0,0.0,0.0,162.40646
1.493,10.0,0.0,0.0,162.40646
1.494,0.0,0.0,0.0,162.40646
1.495,4.0,0.00048,0.0,162.40646
1.496,7.0,-0.00048,0.0,162.40646
1.497,4.0,0.0,0.0,162.40646
1.498,10.0,0.00048,0.0,162.40646
1.499,0.0,-0.00048,0.0,162.40646
1.5,0.0,0.00048,0.0,162.40646
1.501,1.0,0.0,0.0,162.40646
1.502,0.0,-0.00048,0.0,162.40646
1.503,-3.0,0.0,0.0,162.40646
1.504,1.0,0.00048,0.0,162.40646
1.505,9.0,-0.00048,0.0,162.40646
1.506,13.0,0.00048,0.0,162.40646
1.507,-1.0,0.0,0.0,162.40646
1.508,0.0,0.00191,-1.90735e-06,162.40646
1.509,8.0,-0.00143,-1.43051e-06,162.40646
1.51,-3.0,0.00381,-5.72205e-06,162.40646
1.511,0.0,0.00334,-7.62939e-06,162.40646
1.512,2.0,0.01001,-1.66893e-05,162.40646
1.513,1.0,-0.00668,-1.09673e-05,162.40646
1.514,-2.0,0.0,-9.53674e-06,162.40646
1.515,-3.0,0.00429,-1.62125e-05,162.40646
1.516,2.0,0.00095,-1.66893e-05,162.40646
1.517,7.0,-0.0062,-9.05991e-06,162.40646
1.518,1.0,0.00906,-1.85966e-05,162.40646
1.519,0.0,0.00238,-2.28882e-05,162.40646
1.52,2.0,-0.00715,-1.57356e-05,162.40646
1.521,5.0,-0.00286,-1.04904e-05,162.40646
1.522,-6.0,0.00763,-1.7643e-05,162.40646
1.523,0.0,-0.00429,-1.57356e-05,162.40646
1.524,4.0,-0.00572,-7.62939e-06,162.40646
1.525,2.0,0.01049,-1.90735e-05,162.40646
1.526,1.0,-0.00191,-1.81198e-05,162.40646
1.527,2.0,0.00143,-2.0504e-05,162.40646
1.528,3.0,-0.00238,-1.71661e-05,162.40646
1.529,-4.0,-0.00048,-1.85966e-05,162.40646
1.53,0.0,-0.0062,-1.00136e-05,162.40646
1.531,-4.0,0.00763,-1.57356e-05,162.40646
1.532,1.0,-0.00095,-1.62125e-05,162.40646
1.533,-6.0,-0.00286,-1.43051e-05,162.40646
1.534,8.0,0.00191,-1.57356e-05,162.40646
1.535,-6.0,0.00525,-2.09808e-05,162.40646
1.536,-5.0,-0.00572,-1.43051e-05,162.40646
1.537,-2.0,0.00048,-1.62125e-05,162.40646
1.538,-3.0,-0.01049,-6.19888e-06,162.40646
1.539,0.0,0.01669,-1.95503e-05,162.40646
1.54,2.0,-0.00381,-2.09808e-05,162.40646
1.541,-3.0,-0.00429,-1.28746e-05,162.40646
1.542,3.0,0.01097,-2.38419e-05,162.40646
1.543,-3.0,-0.00668,-1.85966e-05,162.40646
1.544,-5.0,-0.00572,-1.19209e-05,162.40646
1.545,-3.0,0.00429,-1.57356e-05,162.40646
1.546,2.0,-0.00191,-1.57356e-05,162.40646
1.547,-3.0,0.00477,-1.85966e-05,162.40646
1.548,0.0,-0.00715,-1.43051e-05,162.40646
1.549,-2.0,-0.00143,-1.04904e-05,162.40646
1.55,2.0,0.00429,-1.62125e-05,162.40646
1.551,5.0,0.00048,-1.43051e-05,162.40646
1.552,-2.0,0.00238,-1.85966e-05,162.40646
1.553,0.0,-0.00525,-1.28746e-05,162.40646
1.554,1.0,0.01192,-2.28882e-05,162.40646
1.555,-1.0,-0.01144,-1.7643e-05,162.40646
1.556,1.0,0.00334,-1.57356e-05,162.40646
1.557,-1.0,0.00048,-1.81198e-05,162.40646
1.558,3.0,-0.0062,-9.05991e-06,162.40646
1.559,5.0,0.01764,-2.71797e-05,162.40646
1.56,-2.0,-0.0062,-2.57492e-05,162.40646
1.561,5.0,-0.01001,-1.09673e-05,162.40646
1.562,-5.0,0.01097,-2.19345e-05,162.40646
1.563,4.0,-0.00811,-1.62125e-05,162.40646
1.564,-3.0,-0.00143,-1.4782e-05,162.40646
1.565,2.0,0.00334,-1.62125e-05,162.40646
1.566,-2.0,0.00668,-2.3365e-05,162.40646
1.567,-3.0,-0.0062,-1.90735e-05,162.40646
1.568,3.0,-0.00143,-1.71661e-05,162.40646
1.569,1.0,0.00286,-1.95503e-05,162.40646
1.57,7.0,-0.00238,-1.85966e-05,162.40646
1.571,1.0,-0.00572,-1.19209e-05,162.40646
1.572,-6.0,0.00715,-1.71661e-05,162.40646
1.573,-5.0,0.00238,-2.0504e-05,162.40646
1.574,-2.0,0.00095,-1.95503e-05,162.40646
1.575,0.0,-0.00381,-1.81198e-05,162.40646
1.576,2.0,-0.00954,-7.62939e-06,162.40646
1.577,4.0,0.00811,-1.4782e-05,162.40646
1.578,-11.0,-0.00048,-1.57356e-05,162.40646
1.579,-1.0,-0.00095,-1.38283e-05,162.40646
1.58,0.0,0.00429,-1.90735e-05,162.40646
1.581,0.0,-0.00668,-1.23978e-05,162.40646
1.582,-1.0,0.00095,-1.19209e-05,162.40646
1.583,1.0,0.00858,-2.24113e-05,162.40646
1.584,-2.0,-0.01049,-1.19209e-05,162.40646
1.585,4.0,0.00525,-1.62125e-05,162.40646
1.586,0.0,0.00095,-1.85966e-05,162.40646
1.587,-6.0,-0.00525,-1.28746e-05,162.40646
1.588,0.0,-0.00095,-1.04904e-05,162.40646
1.589,1.0,0.00048,-1.00136e-05,162.40646
1.59,3.0,0.00525,-1.7643e-05,162.40646
1.591,6.0,-0.00525,-1.38283e-05,162.40646
1.592,-3.0,0.00191,-1.19209e-05,162.40646
1.593,9.0,0.00572,-1.90735e-05,162.40646
1.594,2.0,-0.00906,-1.14441e-05,162.40646
1.595,6.0,0.00286,-1.4782e-05,162.40646
1.596,-4.0,-0.00095,-1.28746e-05,162.40646
1.597,-1.0,0.00525,-1.62125e-05,162.40646
1.598,-2.0,-0.00763,-9.53674e-06,162.40646
1.599,1.0,0.00572,-1.43051e-05,162.40646
1.6,4.0,0.00143,-2.0504e-05,162.40646
1.601,4.0,-0.00429,-1.28746e-05,162.40646
1.602,-1.0,0.01049,-2.14577e-05,162.40646
1.603,3.0,-0.0062,-1.66893e-05,162.40646
1.604,-3.0,-0.00525,-1.33514e-05,162.40646
1.605,2.0,0.00381,-1.57356e-05,162.40646
1.606,3.0,0.00429,-1.90735e-05,162.40646
1.607,-4.0,-0.00477,-1.52588e-05,162.40646
1.608,11.0,0.00572,-1.95503e-05,162.40646
1.609,-7.0,0.0,-2.19345e-05,162.40646
1.61,1.0,-0.00143,-1.95503e-05,162.40646
1.611,7.0,-0.00238,-1.85966e-05,162.40646
1.612,-2.0,0.00572,-2.24113e-05,162.40646
1.613,7.0,-0.00381,-2.14577e-05,162.40646
1.614,-1.0,-0.00715,-1.14441e-05,162.40646
1.615,4.0,0.00381,-1.52588e-05,162.40646
1.616,0.0,0.00048,-1.66893e-05,162.40646
1.617,-5.0,0.0,-1.7643e-05,162.40646
1.618,0.0,-0.00095,-1.4782e-05,162.40646
1.619,2.0,0.00191,-1.62125e-05,162.40646
1.62,0.0,-0.00477,-1.14441e-05,162.40646
1.621,-1.0,-0.00048,-1.33514e-05,162.40646
1.622,5.0,-0.00048,-1.14441e-05,162.40646
1.623,-10.0,0.00286,-1.33514e-05,162.40646
1.624,-2.0,0.0,-1.28746e-05,162.40646
1.625,5.0,0.00715,-2.14577e-05,162.40646
1.626,-3.0,-0.00334,-1.95503e-05,162.40646
1.627,-9.0,-0.0062,-1.19209e-05,162.40646
1.628,6.0,0.00477,-1.52588e-05,162.40646
1.629,-1.0,-0.00191,-1.62125e-05,162.40646
1.63,-1.0,-0.00191,-1.14441e-05,162.40646
1.631,-13.0,0.00477,-1.71661e-05,162.40646
1.632,0.0,-0.00715,-1.19209e-05,162.40646
1.633,0.0,-0.00048,-8.58307e-06,162.40646
1.634,0.0,0.01001,-2.00272e-05,162.40646
1.635,-4.0,-0.01049,-9.05991e-06,162.40646
1.636,0.0,0.00477,-1.19209e-05,162.40646
1.637,-1.0,0.01717,-3.09944e-05,162.40646
1.638,2.0,-0.0186,-1.4782e-05,162.40646
1.639,4.0,-0.00334,-7.15256e-06,162.40646
1.64,4.0,0.00668,-1.57356e-05,162.40646
1.641,2.0,0.00238,-1.95503e-05,162.40646
1.642,5.0,-0.01097,-9.53674e-06,162.40646
1.643,-2.0,0.00715,-1.33514e-05,162.40646
1.644,-3.0,-0.00286,-1.28746e-05,162.40646
1.645,0.0,0.00143,-1.09673e-05,162.40646
1.646,2.0,0.00858,-2.09808e-05,162.40646
1.647,0.0,-0.00906,-1.38283e-05,162.40646
1.648,-6.0,0.00477,-1.57356e-05,162.40646
1.649,-1.0,-0.00048,-1.85966e-05,162.40646
1.65,1.0,-0.00572,-1.04904e-05,162.40646
1.651,-6.0,0.00525,-1.52588e-05,162.40646
1.652,1.0,-0.00334,-1.4782e-05,162.40646
1.653,2.0,-0.00334,-1.00136e-05,162.40646
1.654,-3.0,0.00715,-1.7643e-05,162.40646
1.655,-5.0,-0.00572,-1.14441e-05,162.40646
1.656,0.0,0.00477,-1.38283e-05,162.40646
1.657,-3.0,0.0,-1.66893e-05,162.40646
1.658,-3.0,-0.00095,-1.52588e-05,162.40646
1.659,1.0,0.00048,-1.62125e-05,162.40646
1.66,2.0,-0.00906,-6.67572e-06,162.40646
1.661,-2.0,0.01335,-1.81198e-05,162.40646
1.662,1.0,0.00048,-2.14577e-05,162.40646
1.663,-1.0,-0.01001,-1.04904e-05,162.40646
1.664,2.0,0.00763,-1.71661e-05,162.40646
1.665,-5.0,-0.00286,-1.7643e-05,162.40646
1.666,8.0,-0.00238,-1.00136e-05,162.40646
1.667,0.0,0.01574,-2.76566e-05,162.40646
1.668,1.0,-0.01431,-1.71661e-05,162.40646
1.669,1.0,-0.00381,-1.09673e-05,162.40646
1.67,-2.0,0.00715,-1.66893e-05,162.40646
1.671,11.0,-0.00095,-1.71661e-05,162.40646
1.672,-2.0,-0.00668,-1.04904e-05,162.40646
1.673,4.0,0.00525,-1.57356e-05,162.40646
1.674,3.0,-0.00143,-1.4782e-05,162.40646
1.675,3.0,0.00429,-1.71661e-05,162.40646
1.676,-4.0,-0.00572,-1.33514e-05,162.40646
1.677,0.0,-0.00191,-1.14441e-05,162.40646
1.678,-3.0,-0.00048,-9.05991e-06,162.40646
1.679,-3.0,0.00572,-1.66893e-05,162.40646
1.68,-5.0,-0.00572,-1.19209e-05,162.40646
1.681,-5.0,0.01383,-2.14577e-05,162.40646
1.682,-2.0,-0.00954,-1.52588e-05,162.40646
1.683,-2.0,-0.00238,-9.05991e-06,162.40646
1.684,0.0,0.01049,-2.3365e-05,162.40646
1.685,3.0,-0.00906,-1.52588e-05,162.40646
1.686,0.0,0.00525,-1.7643e-05,162.40646
1.687,-5.0,-0.00811,-1.00136e-05,162.40646
1.688,-2.0,0.01431,-2.24113e-05,162.40646
1.689,-6.0,-0.00954,-1.7643e-05,162.40646
1.69,6.0,-0.00477,-9.05991e-06,162.40646
1.691,0.0,0.01621,-2.6226e-05,162.40646
1.692,-3.0,-0.0124,-1.52588e-05,162.40646
1.693,5.0,-0.00572,-8.10623e-06,162.40646
1.694,-1.0,0.00906,-1.66893e-05,162.40646
1.695,-11.0,-0.00334,-1.4782e-05,162.40646
1.696,-6.0,-0.00429,-1.00136e-05,162.40646
1.697,1.0,-0.00048,-9.05991e-06,162.40646
1.698,4.0,0.00143,-1.09673e-05,162.40646
1.699,-3.0,0.00525,-1.66893e-05,162.40646
1.7,2.0,-0.00572,-1.04904e-05,162.40646
1.701,-7.0,0.00429,-1.28746e-05,162.40646
1.702,1.0,0.00095,-1.52588e-05,162.40646
1.703,-11.0,-0.00477,-1.14441e-05,162.40646
1.704,-1.0,-0.00143,-1.04904e-05,162.40646
1.705,5.0,0.0,-8.58307e-06,162.40646
1.706,0.0,0.00668,-1.4782e-05,162.40646
1.707,-4.0,-0.00143,-1.57356e-05,162.40646
1.708,-2.0,-0.00572,-8.10623e-06,162.40646
1.709,2.0,0.00811,-1.66893e-05,162.40646
1.71,7.0,-0.00954,-9.05991e-06,162.40646
1.711,-6.0,0.00715,-1.38283e-05,162.40646
1.712,0.0,0.0062,-2.09808e-05,162.40646
1.713,-1.0,-0.00954,-1.19209e-05,162.40646
1.714,3.0,0.00191,-1.19209e-05,162.40646
1.715,1.0,0.00238,-1.66893e-05,162.40646
1.716,-6.0,-0.0062,-1.04904e-05,162.40646
1.717,-7.0,0.01526,-2.43187e-05,162.40646
1.718,2.0,-0.01001,-1.66893e-05,162.40646
1.719,-5.0,-0.00572,-7.62939e-06,162.40646
1.72,4.0,0.0124,-2.00272e-05,162.40646
1.721,7.0,-0.00286,-1.95503e-05,162.40646
1.722,-1.0,-0.00381,-1.57356e-05,162.40646
1.723,6.0,0.00095,-1.57356e-05,162.40646
1.724,-8.0,0.0,-1.71661e-05,162.40646
1.725,2.0,-0.00668,-9.53674e-06,162.40646
1.726,5.0,0.00334,-1.09673e-05,162.40646
1.727,0.0,0.00858,-2.28882e-05,162.40646
1.728,-8.0,-0.01049,-1.14441e-05,162.40646
1.729,6.0,0.00811,-1.66893e-05,162.40646
1.73,1.0,0.00143,-1.95503e-05,162.40646
1.731,-4.0,-0.00572,-1.52588e-05,162.40646
1.732,7.0,0.00381,-1.85966e-05,162.40646
1.733,2.0,0.00095,-2.00272e-05,162.40646
1.734,-3.0,-0.00525,-1.23978e-05,162.40646
1.735,1.0,0.00143,-1.66893e-05,162.40646
1.736,-5.0,-0.00429,-1.04904e-05,162.40646
1.737,2.0,0.00238,-1.4782e-05,162.40646
1.738,-2.0,0.00143,-1.38283e-05,162.40646
1.739,0.0,0.00048,-1.4782e-05,162.40646
1.74,3.0,-0.00429,-1.14441e-05,162.40646
1.741,-1.0,-0.00286,-7.15256e-06,162.40646
1.742,2.0,0.00763,-1.52588e-05,162.40646
1.743,0.0,-0.00238,-1.33514e-05,162.40646
1.744,1.0,-0.00143,-1.23978e-05,162.40646
1.745,4.0,-0.00286,-8.58307e-06,162.40646
1.746,-5.0,0.00238,-1.19209e-05,162.40646
1.747,-7.0,-0.00048,-1.23978e-05,162.40646
1.748,-8.0,0.00143,-1.00136e-05,162.40646
1.749,-4.0,0.00954,-1.95503e-05,162.40646
1.75,2.0,0.00048,-2.28882e-05,162.40646
1.751,2.0,-0.00763,-1.52588e-05,162.40646
1.752,-2.0,0.00381,-1.66893e-05,162.40646
1.753,2.0,0.00286,-2.3365e-05,162.40646
1.754,2.0,-0.01431,-9.05991e-06,162.40646
1.755,7.0,0.00572,-1.14441e-05,162.40646
1.756,0.0,0.00334,-1.66893e-05,162.40646
1.757,1.0,-0.00668,-9.53674e-06,162.40646
1.758,-4.0,0.00381,-1.23978e-05,162.40646
1.759,-2.0,-0.00095,-1.38283e-05,162.40646
1.76,0.0,-0.00763,-4.76837e-06,162.40646
1.761,0.0,0.00811,-1.14441e-05,162.40646
1.762,1.0,-0.00095,-1.23978e-05,162.40646
1.763,8.0,0.00381,-1.43051e-05,162.40646
1.764,3.0,-0.00095,-1.52588e-05,162.40646
1.765,-1.0,0.0,-1.4782e-05,162.40646
1.766,5.0,0.00238,-1.66893e-05,162.40646
1.767,3.0,0.00429,-2.14577e-05,162.40646
1.768,0.0,-0.01049,-1.09673e-05,162.40646
1.769,3.0,0.00906,-1.81198e-05,162.40646
1.77,5.0,-0.00429,-1.57356e-05,162.40646
1.771,0.0,-0.00477,-1.28746e-05,162.40646
1.772,5.0,-0.00143,-9.05991e-06,162.40646
1.773,4.0,0.00286,-1.23978e-05,162.40646
1.774,-1.0,-0.00048,-1.09673e-05,162.40646
1.775,-4.0,0.00238,-1.33514e-05,162.40646
1.776,0.0,0.00095,-1.62125e-05,162.40646
1.777,-1.0,0.00143,-1.66893e-05,162.40646
1.778,2.0,-0.0062,-1.14441e-05,162.40646
1.779,1.0,0.00668,-1.62125e-05,162.40646
1.78,7.0,-0.00334,-1.52588e-05,162.40646
1.781,4.0,0.00286,-1.7643e-05,162.40646
1.782,4.0,-0.00525,-1.38283e-05,162.40646
1.783,6.0,0.00095,-1.14441e-05,162.40646
1.784,11.0,0.01049,-2.19345e-05,162.40646
1.785,8.0,-0.00763,-1.7643e-05,162.40646
1.786,-2.0,-0.00286,-1.28746e-05,162.40646
1.787,-1.0,0.00238,-1.4782e-05,162.40646
1.788,3.0,-0.00143,-1.33514e-05,162.40646
1.789,-5.0,0.01049,-2.19345e-05,162.40646
1.79,3.0,-0.00525,-2.00272e-05,162.40646
1.791,-4.0,-0.00143,-1.7643e-05,162.40646
1.792,-7.0,-0.00477,-1.38283e-05,162.40646
1.793,-3.0,0.0,-1.09673e-05,162.40646
1.794,2.0,0.00429,-1.62125e-05,162.40646
1.795,2.0,-0.00906,-9.05991e-06,162.40646
1.796,-7.0,0.00572,-1.33514e-05,162.40646
1.797,1.0,0.00334,-1.7643e-05,162.40646
1.798,0.0,-0.00143,-1.28746e-05,162.40646
1.799,-3.0,0.00811,-2.28882e-05,162.40646
1.8,0.0,-0.00906,-1.52588e-05,162.40646
1.801,0.0,-0.00191,-1.38283e-05,162.40646
1.802,5.0,0.00429,-1.57356e-05,162.40646
1.803,-1.0,-0.00143,-1.62125e-05,162.40646
1.804,0.0,-0.00477,-9.53674e-06,162.40646
1.805,-3.0,0.01335,-2.28882e-05,162.40646
1.806,1.0,-0.01144,-1.43051e-05,162.40646
1.807,-4.0,-0.00668,-5.24521e-06,162.40646
1.808,1.0,0.00906,-1.4782e-05,162.40646
1.809,-8.0,-0.00429,-1.14441e-05,162.40646
1.81,-2.0,0.00429,-1.23978e-05,162.40646
1.811,2.0,0.00334,-1.81198e-05,162.40646
1.812,2.0,-0.00811,-1.14441e-05,162.40646
1.813,7.0,0.00334,-1.23978e-05,162.40646
1.814,-1.0,0.00572,-1.95503e-05,162.40646
1.815,8.0,-0.00429,-1.43051e-05,162.40646
1.816,0.0,0.00334,-1.81198e-05,162.40646
1.817,0.0,-0.00429,-1.43051e-05,162.40646
1.818,2.0,-0.00286,-1.19209e-05,162.40646
1.819,-2.0,0.00238,-1.28746e-05,162.40646
1.82,2.0,0.00763,-2.19345e-05,162.40646
1.821,0.0,-0.00811,-1.38283e-05,162.40646
1.822,4.0,0.00191,-1.33514e-05,162.40646
1.823,2.0,0.00668,-2.14577e-05,162.40646
1.824,6.0,-0.00763,-1.57356e-05,162.40646
1.825,-1.0,-0.00286,-1.14441e-05,162.40646
1.826,5.0,0.01287,-2.19345e-05,162.40646
1.827,1.0,-0.00715,-1.85966e-05,162.40646
1.828,6.0,-0.00668,-9.05991e-06,162.40646
1.829,0.0,0.00477,-1.28746e-05,162.40646
1.83,5.0,0.00477,-2.19345e-05,162.40646
1.831,-8.0,-0.01001,-1.09673e-05,162.40646
1.832,2.0,0.00429,-1.28746e-05,162.40646
1.833,8.0,0.00238,-1.62125e-05,162.40646
1.834,-6.0,-0.00763,-8.10623e-06,162.40646
1.835,-1.0,0.01049,-1.7643e-05,162.40646
1.836,-10.0,-0.0062,-1.38283e-05,162.40646
1.837,0.0,-0.00429,-7.15256e-06,162.40646
1.838,0.0,0.00763,-1.66893e-05,162.40646
1.839,-4.0,-0.00095,-1.57356e-05,162.40646
1.84,-1.0,-0.00715,-7.62939e-06,162.40646
1.841,0.0,0.00763,-1.4782e-05,162.40646
1.842,0.0,0.00286,-1.81198e-05,162.40646
1.843,1.0,-0.00715,-1.19209e-05,162.40646
1.844,0.0,0.00525,-1.66893e-05,162.40646
1.845,-3.0,0.0,-1.90735e-05,162.40646
1.846,-6.0,-0.00906,-7.15256e-06,162.40646
1.847,-2.0,0.00811,-1.4782e-05,162.40646
1.848,3.0,-0.00477,-1.09673e-05,162.40646
1.849,0.0,0.00668,-1.81198e-05,162.40646
1.85,2.0,-0.00668,-1.19209e-05,162.40646
1.851,2.0,0.00334,-1.19209e-05,162.40646
1.852,-3.0,0.00811,-2.09808e-05,162.40646
1.853,-1.0,-0.01192,-1.14441e-05,162.40646
1.854,4.0,-0.00191,-8.10623e-06,162.40646
1.855,-2.0,0.01383,-2.14577e-05,162.40646
1.856,0.0,-0.00763,-1.81198e-05,162.40646
1.857,0.0,-0.00811,-5.72205e-06,162.40646
1.858,-7.0,0.01097,-1.62125e-05,162.40646
1.859,0.0,-0.00954,-8.10623e-06,162.40646
1.86,-2.0,-0.00095,-6.19888e-06,162.40646
1.861,-6.0,0.00334,-1.14441e-05,162.40646
1.862,5.0,-0.00143,-9.53674e-06,162.40646
1.863,3.0,0.00381,-1.28746e-05,162.40646
1.864,-2.0,0.00143,-1.23978e-05,162.40646
1.865,5.0,-0.00095,-1.33514e-05,162.40646
1.866,-1.0,-0.00238,-1.14441e-05,162.40646
1.867,0.0,0.00668,-1.85966e-05,162.40646
1.868,7.0,-0.00668,-1.04904e-05,162.40646
1.869,4.0,0.00525,-1.43051e-05,162.40646
1.87,-9.0,-0.00429,-1.19209e-05,162.40646
1.871,-4.0,-0.00143,-1.14441e-05,162.40646
1.872,2.0,-0.00048,-9.53674e-06,162.40646
1.873,2.0,0.00238,-1.14441e-05,162.40646
1.874,1.0,0.00286,-1.66893e-05,162.40646
1.875,0.0,-0.00715,-9.53674e-06,162.40646
1.876,5.0,0.00858,-1.62125e-05,162.40646
1.877,1.0,-0.00811,-9.53674e-06,162.40646
1.878,2.0,-0.00095,-6.67572e-06,162.40646
1.879,-3.0,0.01526,-2.28882e-05,162.40646
1.88,3.0,-0.00954,-1.43051e-05,162.40646
1.881,-4.0,0.00191,-1.43051e-05,162.40646
1.882,5.0,0.0,-1.57356e-05,162.40646
1.883,2.0,0.0,-1.43051e-05,162.40646
1.884,1.0,0.00906,-2.38419e-05,162.40646
1.885,1.0,-0.00906,-1.71661e-05,162.40646
1.886,-3.0,-0.00334,-1.04904e-05,162.40646
1.887,-4.0,0.00811,-2.00272e-05,162.40646
1.888,0.0,-0.01144,-1.04904e-05,162.40646
1.889,0.0,0.00477,-1.23978e-05,162.40646
1.89,-4.0,0.00381,-1.95503e-05,162.40646
1.891,2.0,-0.01383,-4.29153e-06,162.40646
1.892,6.0,0.00906,-1.00136e-05,162.40646
1.893,0.0,0.00048,-1.38283e-05,162.40646
1.894,-2.0,-0.00238,-1.14441e-05,162.40646
1.895,0.0,0.00286,-1.33514e-05,162.40646
1.896,3.0,0.00048,-1.19209e-05,162.40646
1.897,1.0,-0.00477,-1.14441e-05,162.40646
1.898,3.0,0.00143,-1.09673e-05,162.40646
1.899,-1.0,0.00143,-1.14441e-05,162.40646
1.9,1.0,0.00238,-1.28746e-05,162.40646
1.901,-6.0,0.00429,-1.71661e-05,162.40646
1.902,5.0,-0.00286,-1.52588e-05,162.40646
1.903,5.0,0.00429,-2.00272e-05,162.40646
1.904,-6.0,0.00048,-2.24113e-05,162.40646
1.905,4.0,-0.01192,-8.58307e-06,162.40646
1.906,-3.0,0.00906,-1.52588e-05,162.40646
1.907,0.0,0.00048,-1.81198e-05,162.40646
1.908,0.0,-0.01144,-5.24521e-06,162.40646
1.909,0.0,0.01383,-2.00272e-05,162.40646
1.91,-7.0,-0.00381,-1.90735e-05,162.40646
1.911,-1.0,-0.00954,-7.62939e-06,162.40646
1.912,1.0,0.00477,-1.00136e-05,162.40646
1.913,-3.0,0.00572,-1.71661e-05,162.40646
1.914,-2.0,-0.00668,-1.09673e-05,162.40646
1.915,-3.0,0.00429,-1.43051e-05,162.40646
1.916,-2.0,0.00143,-1.62125e-05,162.40646
1.917,-10.0,0.00095,-1.7643e-05,162.40646
1.918,-4.0,-0.00525,-1.23978e-05,162.40646
1.919,1.0,0.01001,-2.19345e-05,162.40646
1.92,1.0,-0.00668,-1.90735e-05,162.40646
1.921,0.0,-0.0124,-3.33786e-06,162.40646
1.922,-2.0,0.00954,-1.14441e-05,162.40646
1.923,-3.0,0.0,-1.28746e-05,162.40646
1.924,-3.0,0.00286,-1.52588e-05,162.40646
1.925,-3.0,-0.00334,-1.43051e-05,162.40646
1.926,3.0,-0.00477,-7.15256e-06,162.40646
1.927,0.0,0.00763,-1.66893e-05,162.40646
1.928,2.0,-0.00525,-1.19209e-05,162.40646
1.929,-7.0,0.00191,-1.09673e-05,162.40646
1.93,8.0,0.00334,-1.4782e-05,162.40646
1.931,0.0,0.00381,-1.95503e-05,162.40646
1.932,1.0,-0.00715,-1.23978e-05,162.40646
1.933,-5.0,-0.00286,-8.58307e-06,162.40646
1.934,1.0,0.00477,-1.28746e-05,162.40646
1.935,-8.0,-0.00191,-1.19209e-05,162.40646
1.936,1.0,0.00477,-1.52588e-05,162.40646
1.937,0.0,-0.00668,-1.04904e-05,162.40646
1.938,-2.0,0.00191,-1.00136e-05,162.40646
1.939,-5.0,0.00715,-1.81198e-05,162.40646
1.94,3.0,-0.01192,-9.53674e-06,162.40646
1.941,-4.0,0.00238,-9.05991e-06,162.40646
1.942,-4.0,0.00668,-1.7643e-05,162.40646
1.943,3.0,-0.00811,-8.58307e-06,162.40646
1.944,-3.0,0.01049,-1.71661e-05,162.40646
1.945,1.0,-0.00668,-1.14441e-05,162.40646
1.946,9.0,0.00429,-1.57356e-05,162.40646
1.947,-3.0,-0.00048,-1.52588e-05,162.40646
1.948,4.0,-0.0062,-1.04904e-05,162.40646
1.949,6.0,0.0,-1.00136e-05,162.40646
1.95,1.0,-0.00095,-9.05991e-06,162.40646
1.951,2.0,0.00334,-1.09673e-05,162.40646
1.952,3.0,-0.00048,-1.19209e-05,162.40646
1.953,0.0,-0.00286,-8.58307e-06,162.40646
1.954,-12.0,0.00238,-1.09673e-05,162.40646
1.955,7.0,0.00095,-1.33514e-05,162.40646
1.956,0.0,0.00048,-1.14441e-05,162.40646
1.957,4.0,-0.00095,-1.23978e-05,162.40646
1.958,0.0,0.00143,-1.23978e-05,162.40646
1.959,-1.0,-0.00238,-1.00136e-05,162.40646
1.96,-9.0,0.00143,-1.14441e-05,162.40646
1.961,1.0,0.00238,-1.38283e-05,162.40646
1.962,7.0,0.00143,-1.57356e-05,162.40646
1.963,-2.0,-0.00143,-1.38283e-05,162.40646
1.964,0.0,-0.00334,-1.28746e-05,162.40646
1.965,0.0,0.00238,-1.28746e-05,162.40646
1.966,6.0,0.00381,-1.71661e-05,162.40646
1.967,6.0,-0.00238,-1.57356e-05,162.40646
1.968,-2.0,0.00143,-1.57356e-05,162.40646
1.969,-1.0,-0.00286,-1.33514e-05,162.40646
1.97,5.0,0.00286,-1.4782e-05,162.40646
1.971,-2.0,-0.00286,-1.38283e-05,162.40646
1.972,-2.0,-0.00048,-1.19209e-05,162.40646
1.973,3.0,0.0,-1.33514e-05,162.40646
1.974,-5.0,-0.00286,-1.04904e-05,162.40646
1.975,1.0,0.00525,-1.62125e-05,162.40646
1.976,-2.0,-0.00668,-1.09673e-05,162.40646
1.977,-6.0,-0.00095,-7.15256e-06,162.40646
1.978,2.0,0.00668,-1.33514e-05,162.40646
1.979,4.0,-0.00048,-1.43051e-05,162.40646
1.98,2.0,-0.00668,-8.10623e-06,162.40646
1.981,4.0,0.00572,-1.14441e-05,162.40646
1.982,-1.0,0.00143,-1.62125e-05,162.40646
1.983,4.0,0.0,-1.38283e-05,162.40646
1.984,2.0,0.0,-1.52588e-05,162.40646
1.985,9.0,-0.00858,-6.19888e-06,162.40646
1.986,4.0,0.01144,-1.52588e-05,162.40646
1.987,-3.0,-0.00191,-1.81198e-05,162.40646
1.988,4.0,-0.00906,-5.24521e-06,162.40646
1.989,2.0,0.01144,-1.7643e-05,162.40646
1.99,-2.0,-0.00906,-9.53674e-06,162.40646
1.991,0.0,0.00286,-1.09673e-05,162.40646
1.992,5.0,-0.00286,-1.00136e-05,162.40646
1.993,5.0,0.00572,-1.28746e-05,162.40646
1.994,-5.0,0.00048,-1.66893e-05,162.40646
1.995,-2.0,-0.00143,-1.33514e-05,162.40646
1.996,3.0,0.00334,-1.66893e-05,162.40646
1.997,-2.0,-0.00143,-1.62125e-05,162.40646
1.998,4.0,-0.00191,-1.28746e-05,162.40646
1.999,-1.0,0.00191,-1.4782e-05,162.40646
2.0,-1.0,-0.00191,-1.33514e-05,162.40646
2.001,0.0,0.0,-1.33514e-05,162.40646
2.002,1.0,-0.00143,-1.33514e-05,162.40646
2.003,-4.0,0.00048,-1.28746e-05,162.40646
2.004,-3.0,0.00191,-1.4782e-05,162.40646
2.005,-1.0,0.00429,-1.57356e-05,162.40646
2.006,0.0,-0.00143,-1.7643e-05,162.40646
2.007,1.0,-0.00715,-9.53674e-06,162.40646
2.008,-7.0,0.00906,-1.90735e-05,162.40646
2.009,-3.0,-0.00858,-1.28746e-05,162.40646
2.01,-1.0,0.00095,-1.19209e-05,162.40646
2.011,0.0,0.00381,-1.4782e-05,162.40646
2.012,7.0,-0.00525,-1.00136e-05,162.40646
2.013,-6.0,0.00525,-1.38283e-05,162.40646
2.014,1.0,-0.00381,-1.23978e-05,162.40646
2.015,2.0,-0.0062,-4.29153e-06,162.40646
2.016,1.0,0.01287,-1.85966e-05,162.40646
2.017,-2.0,-0.00811,-1.04904e-05,162.40646
2.018,-6.0,0.00858,-1.66893e-05,162.40646
2.019,0.0,-0.00381,-1.62125e-05,162.40646
2.02,3.0,-0.00191,-1.28746e-05,162.40646
2.021,-4.0,0.00191,-1.4782e-05,162.40646
2.022,-3.0,0.00095,-1.62125e-05,162.40646
2.023,4.0,-0.00525,-9.53674e-06,162.40646
2.024,2.0,-0.00143,-9.05991e-06,162.40646
2.025,8.0,0.00191,-1.14441e-05,162.40646
2.026,12.0,0.00048,-1.04904e-05,162.40646
2.027,3.0,0.00238,-1.43051e-05,162.40646
2.028,5.0,0.00525,-1.90735e-05,162.40646
2.029,1.0,-0.00477,-1.4782e-05,162.40646
2.03,2.0,-0.00238,-1.00136e-05,162.40646
2.031,6.0,0.00906,-2.09808e-05,162.40646
2.032,1.0,-0.01097,-1.09673e-05,162.40646
2.033,3.0,0.00048,-9.53674e-06,162.40646
2.034,-7.0,0.00668,-1.7643e-05,162.40646
2.035,0.0,-0.01001,-9.05991e-06,162.40646
2.036,-6.0,0.00334,-9.53674e-06,162.40646
2.037,0.0,0.00191,-1.23978e-05,162.40646
2.038,-4.0,0.00143,-1.28746e-05,162.40646
2.039,2.0,0.00048,-1.23978e-05,162.40646
2.04,2.0,-0.00191,-1.23978e-05,162.40646
2.041,5.0,0.00048,-1.33514e-05,162.40646
2.042,4.0,0.00429,-1.71661e-05,162.40646
2.043,3.0,-0.00763,-9.53674e-06,162.40646
2.044,2.0,0.00286,-1.09673e-05,162.40646
2.045,0.0,-0.00191,-1.00136e-05,162.40646
2.046,1.0,0.00477,-1.52588e-05,162.40646
2.047,7.0,-0.00334,-1.4782e-05,162.40646
2.048,5.0,0.0,-1.09673e-05,162.40646
2.049,1.0,0.00048,-1.28746e-05,162.40646
2.05,2.0,0.00048,-1.28746e-05,162.40646
2.051,-4.0,-0.00191,-1.04904e-05,162.40646
2.052,2.0,0.00525,-1.43051e-05,162.40646
2.053,6.0,-0.00238,-1.52588e-05,162.40646
2.054,1.0,-0.00477,-8.10623e-06,162.40646
2.055,2.0,0.0062,-1.52588e-05,162.40646
2.056,-8.0,0.00286,-1.66893e-05,162.40646
2.057,-4.0,-0.00811,-1.00136e-05,162.40646
2.058,5.0,-0.00286,-6.67572e-06,162.40646
2.059,-3.0,0.0062,-1.43051e-05,162.40646
2.06,8.0,-0.00429,-9.05991e-06,162.40646
2.061,2.0,0.00525,-1.19209e-05,162.40646
2.062,6.0,0.00668,-2.00272e-05,162.40646
2.063,-2.0,-0.00715,-1.38283e-05,162.40646
2.064,2.0,-0.00191,-1.23978e-05,162.40646
2.065,12.0,0.0,-1.23978e-05,162.40646
2.066,6.0,0.00095,-1.38283e-05,162.40646
2.067,-2.0,-0.00429,-8.58307e-06,162.40646
2.068,0.0,0.00477,-1.19209e-05,162.40646
2.069,-1.0,0.00381,-1.66893e-05,162.40646
2.07,-2.0,-0.00477,-1.28746e-05,162.40646
2.071,7.0,0.0,-1.14441e-05,162.40646
2.072,6.0,0.00477,-1.71661e-05,162.40646
2.073,7.0,-0.00763,-1.14441e-05,162.40646
2.074,1.0,0.00381,-1.33514e-05,162.40646
2.075,-3.0,0.00191,-1.52588e-05,162.40646
2.076,2.0,-0.00715,-1.00136e-05,162.40646
2.077,5.0,0.00286,-1.09673e-05,162.40646
2.078,-1.0,0.00286,-1.43051e-05,162.40646
2.079,-4.0,-0.00429,-9.53674e-06,162.40646
2.08,-1.0,0.00191,-1.00136e-05,162.40646
2.081,2.0,-0.00238,-9.53674e-06,162.40646
2.082,8.0,0.00381,-1.14441e-05,162.40646
2.083,3.0,0.00143,-1.57356e-05,162.40646
2.084,-8.0,-0.00906,-4.76837e-06,162.40646
2.085,0.0,0.00429,-8.10623e-06,162.40646
2.086,0.0,0.00381,-1.38283e-05,162.40646
2.087,0.0,-0.00477,-1.04904e-05,162.40646
2.088,0.0,0.00429,-1.19209e-05,162.40646
2.089,1.0,-0.00191,-1.28746e-05,162.40646
2.09,-1.0,-0.00334,-7.62939e-06,162.40646
2.091,3.0,0.00477,-1.00136e-05,162.40646
2.092,2.0,-0.00048,-1.33514e-05,162.40646
2.093,3.0,-0.00381,-8.58307e-06,162.40646
2.094,4.0,0.00334,-1.04904e-05,162.40646
2.095,5.0,-0.00143,-9.53674e-06,162.40646
2.096,-1.0,0.00525,-1.33514e-05,162.40646
2.097,1.0,-0.00334,-1.38283e-05,162.40646
2.098,-4.0,0.0,-1.09673e-05,162.40646
2.099,0.0,-0.00095,-1.19209e-05,162.40646
2.1,2.0,-0.00334,-6.67572e-06,162.40646
2.101,-8.0,0.0062,-1.4782e-05,162.40646
2.102,2.0,-0.00477,-9.53674e-06,162.40646
2.103,-1.0,0.00191,-9.53674e-06,162.40646
2.104,-7.0,-0.00048,-1.04904e-05,162.40646
2.105,-8.0,0.00095,-1.14441e-05,162.40646
2.106,5.0,-0.00143,-9.53674e-06,162.40646
2.107,-5.0,0.00334,-1.43051e-05,162.40646
2.108,5.0,-0.00525,-7.15256e-06,162.40646
2.109,-2.0,0.00715,-1.43051e-05,162.40646
2.11,1.0,-0.00477,-1.14441e-05,162.40646
2.111,5.0,0.00191,-1.23978e-05,162.40646
2.112,1.0,-0.00238,-1.28746e-05,162.40646
2.113,-3.0,0.0062,-1.33514e-05,162.40646
2.114,13.0,-0.00095,-1.52588e-05,162.40646
2.115,1.0,-0.00811,-7.62939e-06,162.40646
2.116,0.0,0.00668,-1.38283e-05,162.40646
2.117,-7.0,0.00095,-1.43051e-05,162.40646
2.118,0.0,-0.00429,-1.04904e-05,162.40646
2.119,-1.0,0.0,-1.04904e-05,162.40646
2.12,6.0,0.00191,-1.23978e-05,162.40646
2.121,1.0,-0.00191,-1.09673e-05,162.40646
2.122,-3.0,0.00048,-1.04904e-05,162.40646
2.123,-7.0,-0.00095,-8.10623e-06,162.40646
2.124,8.0,0.00525,-1.4782e-05,162.40646
2.125,1.0,-0.00095,-1.38283e-05,162.40646
2.126,-3.0,0.00095,-1.52588e-05,162.40646
2.127,1.0,-0.00334,-1.33514e-05,162.40646
2.128,5.0,-0.00143,-1.09673e-05,162.40646
2.129,-3.0,-0.00048,-1.04904e-05,162.40646
2.13,5.0,0.00381,-1.23978e-05,162.40646
2.131,0.0,-0.00095,-1.28746e-05,162.40646
2.132,-2.0,-0.00238,-9.53674e-06,162.40646
2.133,-4.0,0.00334,-1.38283e-05,162.40646
2.134,-3.0,-0.00381,-9.05991e-06,162.40646
2.135,2.0,0.00763,-1.66893e-05,162.40646
2.136,3.0,-0.01001,-6.67572e-06,162.40646
2.137,-1.0,0.00858,-1.52588e-05,162.40646
2.138,-9.0,-0.00048,-1.81198e-05,162.40646
2.139,3.0,-0.00906,-7.15256e-06,162.40646
2.14,0.0,0.00763,-1.33514e-05,162.40646
2.141,-1.0,0.00048,-1.38283e-05,162.40646
2.142,-2.0,-0.00572,-9.53674e-06,162.40646
2.143,-4.0,0.00191,-1.09673e-05,162.40646
2.144,-4.0,-0.00381,-8.58307e-06,162.40646
2.145,0.0,0.00381,-1.00136e-05,162.40646
2.146,4.0,-0.00143,-9.53674e-06,162.40646
2.147,-2.0,0.00429,-1.23978e-05,162.40646
2.148,4.0,-0.00381,-1.04904e-05,162.40646
2.149,1.0,-0.00381,-6.19888e-06,162.40646
2.15,3.0,0.00763,-1.28746e-05,162.40646
2.151,-8.0,-0.00763,-7.15256e-06,162.40646
2.152,-3.0,0.00715,-1.09673e-05,162.40646
2.153,3.0,0.00048,-1.38283e-05,162.40646
2.154,-2.0,-0.00715,-7.62939e-06,162.40646
2.155,6.0,0.00763,-1.38283e-05,162.40646
2.156,-2.0,-0.00334,-1.28746e-05,162.40646
2.157,-3.0,0.00048,-1.04904e-05,162.40646
2.158,-3.0,-0.00286,-8.58307e-06,162.40646
2.159,4.0,-0.00143,-5.24521e-06,162.40646
2.16,6.0,0.00525,-1.28746e-05,162.40646
2.161,-1.0,-0.00143,-1.09673e-05,162.40646
2.162,0.0,0.00095,-1.14441e-05,162.40646
2.163,6.0,0.00095,-1.4782e-05,162.40646
2.164,6.0,-0.00477,-6.67572e-06,162.40646
2.165,1.0,0.00429,-1.23978e-05,162.40646
2.166,-6.0,-0.00191,-1.19209e-05,162.40646
2.167,-1.0,-0.00095,-1.04904e-05,162.40646
2.168,-2.0,-0.00095,-8.10623e-06,162.40646
2.169,9.0,0.00191,-9.53674e-06,162.40646
2.17,-6.0,-0.00191,-8.58307e-06,162.40646
2.171,0.0,-0.00095,-8.10623e-06,162.40646
2.172,0.0,0.00381,-1.23978e-05,162.40646
2.173,0.0,-0.00572,-6.67572e-06,162.40646
2.174,0.0,0.00238,-7.15256e-06,162.40646
2.175,-2.0,0.00525,-1.23978e-05,162.40646
2.176,12.0,-0.00525,-7.15256e-06,162.40646
2.177,-2.0,0.00572,-1.33514e-05,162.40646
2.178,0.0,-0.00191,-1.28746e-05,162.40646
2.179,-2.0,-0.00095,-1.14441e-05,162.40646
2.18,2.0,0.0,-1.04904e-05,162.40646
2.181,0.0,-0.00477,-5.24521e-06,162.40646
2.182,3.0,0.00477,-1.09673e-05,162.40646
2.183,-3.0,0.00191,-1.33514e-05,162.40646
2.184,5.0,-0.00238,-1.04904e-05,162.40646
2.185,-1.0,-0.00048,-1.00136e-05,162.40646
2.186,2.0,0.00143,-1.09673e-05,162.40646
2.187,4.0,0.00429,-1.66893e-05,162.40646
2.188,2.0,-0.00286,-1.38283e-05,162.40646
2.189,-5.0,-0.00381,-8.58307e-06,162.40646
2.19,8.0,0.00858,-1.66893e-05,162.40646
2.191,2.0,-0.00811,-1.19209e-05,162.40646
2.192,10.0,-0.00381,-4.76837e-06,162.40646
2.193,3.0,0.00763,-1.33514e-05,162.40646
2.194,1.0,-0.00238,-1.28746e-05,162.40646
2.195,8.0,-0.00238,-8.10623e-06,162.40646
2.196,4.0,0.00238,-1.19209e-05,162.40646
2.197,4.0,0.00191,-1.28746e-05,162.40646
2.198,-1.0,-0.00191,-1.14441e-05,162.40646
2.199,1.0,0.00429,-1.52588e-05,162.40646
2.2,6.0,-0.00238,-1.33514e-05,162.40646
2.201,6.0,-0.00238,-1.09673e-05,162.40646
2.202,0.0,0.00477,-1.4782e-05,162.40646
2.203,-1.0,-0.00191,-1.4782e-05,162.40646
2.204,-9.0,-0.00286,-1.14441e-05,162.40646
2.205,6.0,0.00525,-1.57356e-05,162.40646
2.206,-3.0,-0.00668,-9.53674e-06,162.40646
2.207,0.0,0.00191,-9.05991e-06,162.40646
2.208,6.0,0.00334,-1.4782e-05,162.40646
2.209,2.0,-0.00095,-1.19209e-05,162.40646
2.21,-2.0,0.00191,-1.4782e-05,162.40646
2.211,9.0,-0.00572,-1.00136e-05,162.40646
2.212,0.0,0.0062,-1.57356e-05,162.40646
2.213,0.0,-0.00286,-1.38283e-05,162.40646
2.214,0.0,0.00143,-1.19209e-05,162.40646
2.215,4.0,-0.00143,-1.28746e-05,162.40646
2.216,-5.0,-0.00191,-1.00136e-05,162.40646
2.217,-5.0,0.00286,-1.38283e-05,162.40646
2.218,4.0,0.00238,-1.66893e-05,162.40646
2.219,-6.0,-0.00429,-1.00136e-05,162.40646
2.22,-4.0,-0.00191,-9.05991e-06,162.40646
2.221,8.0,0.00143,-1.28746e-05,162.40646
2.222,1.0,-0.00238,-9.05991e-06,162.40646
2.223,-2.0,0.00381,-1.19209e-05,162.40646
2.224,3.0,-0.00238,-1.04904e-05,162.40646
2.225,2.0,0.00048,-1.00136e-05,162.40646
2.226,5.0,0.00191,-1.19209e-05,162.40646
2.227,5.0,-0.00095,-1.23978e-05,162.40646
2.228,3.0,0.00048,-1.23978e-05,162.40646
2.229,2.0,0.00095,-1.28746e-05,162.40646
2.23,-2.0,-0.00095,-1.33514e-05,162.40646
2.231,2.0,-0.00143,-1.09673e-05,162.40646
2.232,2.0,0.0,-9.53674e-06,162.40646
2.233,0.0,0.00143,-1.14441e-05,162.40646
2.234,-5.0,-0.00191,-1.04904e-05,162.40646
2.235,2.0,-0.00238,-8.58307e-06,162.40646
2.236,1.0,0.0,-7.62939e-06,162.40646
2.237,-3.0,0.00286,-1.14441e-05,162.40646
2.238,-4.0,-0.00143,-1.04904e-05,162.40646
2.239,1.0,-0.00381,-5.24521e-06,162.40646
2.24,4.0,0.00238,-7.62939e-06,162.40646
2.241,7.0,0.00381,-1.14441e-05,162.40646
2.242,3.0,0.00191,-1.43051e-05,162.40646
2.243,7.0,-0.0062,-8.10623e-06,162.40646
2.244,6.0,0.00334,-1.04904e-05,162.40646
2.245,4.0,-0.00191,-1.09673e-05,162.40646
2.246,0.0,-0.00191,-7.62939e-06,162.40646
2.247,2.0,0.00095,-6.67572e-06,162.40646
2.248,-3.0,0.00381,-1.04904e-05,162.40646
2.249,2.0,-0.00095,-1.19209e-05,162.40646
2.25,6.0,0.00143,-1.14441e-05,162.40646
2.251,-2.0,0.00191,-1.57356e-05,162.40646
2.252,-2.0,-0.01144,-1.90735e-06,162.40646
2.253,7.0,0.00811,-9.53674e-06,162.40646
2.254,0.0,0.00048,-1.43051e-05,162.40646
2.255,0.0,-0.00381,-7.62939e-06,162.40646
2.256,2.0,-0.00048,-8.58307e-06,162.40646
2.257,5.0,0.00477,-1.00136e-05,162.40646
2.258,3.0,-0.00048,-1.19209e-05,162.40646
2.259,0.0,0.00143,-1.14441e-05,162.40646
2.26,1.0,-0.00191,-1.14441e-05,162.40646
2.261,0.0,-0.0062,-4.76837e-06,162.40646
2.262,1.0,0.00763,-1.19209e-05,162.40646
2.263,0.0,-0.00477,-9.05991e-06,162.40646
2.264,-11.0,0.00143,-8.10623e-06,162.40646
2.265,9.0,0.00477,-1.38283e-05,162.40646
2.266,-1.0,-0.00286,-1.04904e-05,162.40646
2.267,-1.0,0.00095,-1.23978e-05,162.40646
2.268,-2.0,-0.00477,-7.15256e-06,162.40646
2.269,3.0,0.00525,-1.33514e-05,162.40646
2.27,-4.0,-0.00048,-1.19209e-05,162.40646
2.271,4.0,0.00763,-1.81198e-05,162.40646
2.272,0.0,-0.00286,-1.81198e-05,162.40646
2.273,1.0,-0.00906,-8.58307e-06,162.40646
2.274,-6.0,0.00954,-1.66893e-05,162.40646
2.275,-1.0,-0.00668,-1.33514e-05,162.40646
2.276,-1.0,-0.00191,-6.19888e-06,162.40646
2.277,-1.0,0.01192,-1.95503e-05,162.40646
2.278,4.0,-0.01049,-1.19209e-05,162.40646
2.279,-6.0,0.00095,-1.09673e-05,162.40646
2.28,6.0,-0.00048,-1.09673e-05,162.40646
2.281,-4.0,-0.00191,-7.62939e-06,162.40646
2.282,4.0,0.00668,-1.43051e-05,162.40646
2.283,-2.0,-0.00381,-1.28746e-05,162.40646
2.284,1.0,-0.00048,-1.14441e-05,162.40646
2.285,-5.0,-0.00143,-9.05991e-06,162.40646
2.286,-7.0,-0.00048,-9.05991e-06,162.40646
2.287,3.0,0.00143,-1.04904e-05,162.40646
2.288,8.0,-0.00191,-8.58307e-06,162.40646
2.289,1.0,-0.00095,-8.10623e-06,162.40646
2.29,3.0,0.00334,-9.53674e-06,162.40646
2.291,8.0,0.00048,-1.23978e-05,162.40646
2.292,6.0,-0.00191,-8.58307e-06,162.40646
2.293,2.0,0.01001,-1.81198e-05,162.40646
2.294,0.0,-0.00763,-1.28746e-05,162.40646
2.295,3.0,-0.00572,-5.72205e-06,162.40646
2.296,2.0,0.00715,-1.38283e-05,162.40646
2.297,11.0,-0.00525,-8.58307e-06,162.40646
2.298,-3.0,0.00334,-1.09673e-05,162.40646
2.299,7.0,-0.00143,-9.05991e-06,162.40646
2.3,-2.0,-0.00048,-1.04904e-05,162.40646
2.301,-3.0,0.00238,-1.28746e-05,162.40646
2.302,3.0,-0.00477,-7.15256e-06,162.40646
2.303,-1.0,0.00143,-8.58307e-06,162.40646
2.304,-2.0,-0.00191,-6.67572e-06,162.40646
2.305,4.0,0.00429,-1.04904e-05,162.40646
2.306,-3.0,-0.00381,-7.62939e-06,162.40646
2.307,4.0,-0.00143,-4.76837e-06,162.40646
2.308,-6.0,0.00429,-1.04904e-05,162.40646
2.309,0.0,-0.00334,-6.19888e-06,162.40646
2.31,1.0,-0.00095,-5.24521e-06,162.40646
2.311,0.0,0.00525,-9.53674e-06,162.40646
2.312,-1.0,0.0,-1.14441e-05,162.40646
2.313,-4.0,-0.00191,-9.53674e-06,162.40646
2.314,1.0,0.0,-9.05991e-06,162.40646
2.315,0.0,0.00429,-1.19209e-05,162.40646
2.316,12.0,-0.00143,-1.23978e-05,162.40646
2.317,-4.0,0.00238,-1.52588e-05,162.40646
2.318,-1.0,-0.00477,-1.09673e-05,162.40646
2.319,-1.0,0.0,-7.62939e-06,162.40646
2.32,6.0,0.0,-9.05991e-06,162.40646
2.321,-8.0,0.00381,-1.38283e-05,162.40646
2.322,3.0,-0.00238,-1.23978e-05,162.40646
2.323,1.0,0.0,-1.09673e-05,162.40646
2.324,4.0,-0.00286,-7.62939e-06,162.40646
2.325,2.0,0.0,-7.62939e-06,162.40646
2.326,0.0,0.00143,-1.09673e-05,162.40646
2.327,2.0,0.0,-1.09673e-05,162.40646
2.328,8.0,0.00286,-1.00136e-05,162.40646
2.329,9.0,0.00286,-1.38283e-05,162.40646
2.33,-7.0,-0.0062,-9.53674e-06,162.40646
2.331,2.0,0.00286,-1.19209e-05,162.40646
2.332,3.0,-0.00477,-9.05991e-06,162.40646
2.333,1.0,0.00191,-8.10623e-06,162.40646
2.334,-1.0,0.00191,-1.14441e-05,162.40646
2.335,5.0,-0.00668,-5.72205e-06,162.40646
2.336,-3.0,0.00191,-6.19888e-06,162.40646
2.337,8.0,0.00143,-8.10623e-06,162.40646
2.338,0.0,0.00143,-8.58307e-06,162.40646
2.339,4.0,0.00095,-9.05991e-06,162.40646
2.34,6.0,-0.00048,-9.05991e-06,162.40646
2.341,0.0,0.00048,-1.14441e-05,162.40646
2.342,2.0,-0.00191,-7.62939e-06,162.40646
2.343,3.0,0.00095,-9.53674e-06,162.40646
2.344,1.0,0.00191,-9.05991e-06,162.40646
2.345,0.0,0.00095,-1.23978e-05,162.40646
2.346,5.0,-0.00286,-1.00136e-05,162.40646
2.347,-1.0,0.00334,-1.33514e-05,162.40646
2.348,0.0,-0.00143,-9.53674e-06,162.40646
2.349,1.0,0.00572,-1.52588e-05,162.40646
2.35,4.0,-0.00715,-1.00136e-05,162.40646
2.351,7.0,0.00715,-1.52588e-05,162.40646
2.352,13.0,-0.00381,-1.33514e-05,162.40646
2.353,4.0,-0.00286,-1.14441e-05,162.40646
2.354,3.0,-0.00048,-1.00136e-05,162.40646
2.355,-5.0,0.00238,-1.14441e-05,162.40646
2.356,0.0,-0.00143,-1.14441e-05,162.40646
2.357,0.0,-0.00048,-9.53674e-06,162.40646
2.358,6.0,0.00286,-1.09673e-05,162.40646
2.359,-8.0,0.00429,-1.71661e-05,162.40646
2.36,0.0,-0.01097,-7.62939e-06,162.40646
2.361,5.0,0.00429,-9.53674e-06,162.40646
2.362,17.0,0.00381,-1.38283e-05,162.40646
2.363,-3.0,-0.00191,-1.23978e-05,162.40646
2.364,3.0,-0.00143,-1.19209e-05,162.40646
2.365,1.0,0.00048,-1.19209e-05,162.40646
2.366,1.0,0.00191,-1.33514e-05,162.40646
2.367,3.0,-0.00525,-7.15256e-06,162.40646
2.368,-2.0,0.00381,-1.09673e-05,162.40646
2.369,-3.0,-0.00238,-9.53674e-06,162.40646
2.37,1.0,0.00238,-1.23978e-05,162.40646
2.371,4.0,-0.00286,-8.58307e-06,162.40646
2.372,9.0,-0.00143,-6.67572e-06,162.40646
2.373,0.0,0.00429,-1.09673e-05,162.40646
2.374,-4.0,-0.00238,-1.14441e-05,162.40646
2.375,-2.0,-0.00286,-7.15256e-06,162.40646
2.376,11.0,0.00143,-8.58307e-06,162.40646
2.377,7.0,0.0,-9.53674e-06,162.40646
2.378,0.0,-0.00143,-7.15256e-06,162.40646
2.379,9.0,0.00238,-1.04904e-05,162.40646
2.38,-1.0,-0.00191,-7.62939e-06,162.40646
2.381,9.0,0.00238,-9.05991e-06,162.40646
2.382,1.0,0.00191,-1.09673e-05,162.40646
2.383,4.0,-0.00095,-1.00136e-05,162.40646
2.384,-2.0,0.00334,-1.23978e-05,162.40646
2.385,7.0,-0.00668,-8.58307e-06,162.40646
2.386,0.0,0.00286,-1.00136e-05,162.40646
2.387,10.0,0.00191,-1.14441e-05,162.40646
2.388,-4.0,0.00334,-1.52588e-05,162.40646
2.389,4.0,-0.00381,-1.23978e-05,162.40646
2.39,1.0,-0.00763,-4.76837e-06,162.40646
2.391,-2.0,0.00668,-1.09673e-05,162.40646
2.392,-1.0,-0.00048,-9.53674e-06,162.40646
2.393,2.0,-0.00429,-5.24521e-06,162.40646
2.394,-3.0,0.00238,-8.58307e-06,162.40646
2.395,-3.0,-0.00143,-6.19888e-06,162.40646
2.396,0.0,0.00095,-7.62939e-06,162.40646
2.397,-2.0,0.00381,-1.04904e-05,162.40646
2.398,-2.0,0.00429,-1.62125e-05,162.40646
2.399,0.0,-0.00381,-1.23978e-05,162.40646
2.4,0.0,-0.00238,-1.00136e-05,162.40646
2.401,0.0,0.0,-1.00136e-05,162.40646
2.402,0.0,0.0,-1.04904e-05,162.40646
2.403,3.0,0.00286,-1.19209e-05,162.40646
2.404,5.0,-0.00334,-8.58307e-06,162.40646
2.405,-1.0,0.00429,-1.19209e-05,162.40646
2.406,-8.0,-0.00525,-8.10623e-06,162.40646
2.407,-1.0,-0.00048,-5.72205e-06,162.40646
2.408,1.0,0.0062,-1.33514e-05,162.40646
2.409,0.0,-0.00906,-5.72205e-06,162.40646
2.41,8.0,0.00381,-7.15256e-06,162.40646
2.411,-1.0,0.00334,-1.19209e-05,162.40646
2.412,4.0,-0.00286,-8.58307e-06,162.40646
2.413,3.0,0.00286,-1.28746e-05,162.40646
2.414,2.0,-0.0062,-6.19888e-06,162.40646
2.415,-4.0,0.00477,-8.58307e-06,162.40646
2.416,7.0,0.00191,-1.14441e-05,162.40646
2.417,0.0,-0.00143,-9.53674e-06,162.40646
2.418,0.0,0.00048,-1.19209e-05,162.40646
2.419,0.0,0.00095,-1.28746e-05,162.40646
2.42,2.0,-0.00572,-7.62939e-06,162.40646
2.421,-4.0,0.00334,-9.53674e-06,162.40646
2.422,2.0,0.00143,-1.19209e-05,162.40646
2.423,-5.0,-0.00238,-8.58307e-06,162.40646
2.424,8.0,0.00238,-1.19209e-05,162.40646
2.425,0.0,-0.00477,-7.62939e-06,162.40646
2.426,1.0,0.00334,-1.00136e-05,162.40646
2.427,6.0,-0.00143,-9.05991e-06,162.40646
2.428,-3.0,-0.00334,-5.24521e-06,162.40646
2.429,0.0,0.00238,-7.62939e-06,162.40646
2.43,1.0,0.00334,-9.53674e-06,162.40646
2.431,0.0,-0.00286,-9.05991e-06,162.40646
2.432,0.0,-0.00095,-6.19888e-06,162.40646
2.433,0.0,0.00191,-9.05991e-06,162.40646
2.434,12.0,0.00238,-1.19209e-05,162.40646
2.435,0.0,-0.00334,-7.15256e-06,162.40646
2.436,0.0,0.0,-8.58307e-06,162.40646
2.437,4.0,0.00143,-8.58307e-06,162.40646
2.438,4.0,0.00048,-1.04904e-05,162.40646
2.439,2.0,-0.00238,-7.15256e-06,162.40646
2.44,-4.0,0.00334,-1.09673e-05,162.40646
2.441,4.0,-0.00381,-8.10623e-06,162.40646
2.442,4.0,0.00191,-1.00136e-05,162.40646
2.443,0.0,-0.00286,-6.19888e-06,162.40646
2.444,3.0,0.00334,-7.15256e-06,162.40646
2.445,8.0,0.00095,-1.09673e-05,162.40646
2.446,9.0,-0.00334,-6.67572e-06,162.40646
2.447,8.0,0.00429,-1.14441e-05,162.40646
2.448,0.0,0.00048,-1.19209e-05,162.40646
2.449,3.0,-0.00334,-9.05991e-06,162.40646
2.45,10.0,0.00191,-1.00136e-05,162.40646
2.451,0.0,0.00191,-1.38283e-05,162.40646
2.452,5.0,-0.00906,-4.29153e-06,162.40646
2.453,5.0,0.00429,-8.10623e-06,162.40646
2.454,0.0,0.0,-8.58307e-06,162.40646
2.455,0.0,0.0,-7.62939e-06,162.40646
2.456,7.0,0.00238,-9.05991e-06,162.40646
2.457,-1.0,0.0,-1.04904e-05,162.40646
2.458,1.0,-0.00143,-9.05991e-06,162.40646
2.459,0.0,-0.00191,-5.72205e-06,162.40646
2.46,8.0,0.00286,-9.53674e-06,162.40646
2.461,17.0,-0.00143,-9.05991e-06,162.40646
2.462,-1.0,-0.00191,-5.72205e-06,162.40646
2.463,0.0,0.00191,-7.15256e-06,162.40646
2.464,3.0,0.00238,-9.05991e-06,162.40646
2.465,-1.0,-0.00143,-9.05991e-06,162.40646
2.466,-2.0,-0.00191,-7.62939e-06,162.40646
2.467,0.0,0.00429,-1.14441e-05,162.40646
2.468,0.0,-0.00286,-8.58307e-06,162.40646
2.469,-1.0,0.00191,-1.14441e-05,162.40646
2.47,6.0,-0.00095,-9.53674e-06,162.40646
2.471,1.0,0.00715,-1.57356e-05,162.40646
2.472,-3.0,-0.00715,-1.04904e-05,162.40646
2.473,-7.0,0.00048,-9.53674e-06,162.40646
2.474,0.0,0.00095,-1.09673e-05,162.40646
2.475,1.0,0.00095,-1.04904e-05,162.40646
2.476,0.0,-0.00095,-1.00136e-05,162.40646
2.477,0.0,0.00286,-1.38283e-05,162.40646
2.478,0.0,-0.00715,-8.10623e-06,162.40646
2.479,6.0,0.00286,-8.10623e-06,162.40646
2.48,-5.0,0.00286,-1.23978e-05,162.40646
2.481,8.0,-0.00191,-1.19209e-05,162.40646
2.482,-2.0,-0.00525,-5.24521e-06,162.40646
2.483,-3.0,0.00715,-1.19209e-05,162.40646
2.484,2.0,-0.00525,-9.05991e-06,162.40646
2.485,0.0,0.00334,-8.58307e-06,162.40646
2.486,6.0,0.00143,-1.19209e-05,162.40646
2.487,2.0,-0.00477,-7.62939e-06,162.40646
2.488,1.0,0.00525,-1.23978e-05,162.40646
2.489,9.0,-0.00381,-1.00136e-05,162.40646
2.49,6.0,0.00429,-1.19209e-05,162.40646
2.491,13.0,-0.00191,-1.19209e-05,162.40646
2.492,-1.0,-0.00143,-8.10623e-06,162.40646
2.493,-1.0,0.0,-1.09673e-05,162.40646
2.494,-1.0,-0.00477,-5.24521e-06,162.40646
2.495,10.0,0.00525,-9.05991e-06,162.40646
2.496,2.0,0.00286,-1.33514e-05,162.40646
2.497,1.0,-0.00334,-1.04904e-05,162.40646
2.498,1.0,0.00429,-1.38283e-05,162.40646
2.499,3.0,0.00143,-1.62125e-05,162.40646
2.5,-3.0,-0.00858,-7.15256e-06,162.40646
2.501,3.0,0.00763,-1.43051e-05,162.40646
2.502,7.0,-0.00572,-1.04904e-05,162.40646
2.503,-2.0,-0.00143,-7.62939e-06,162.40646
2.504,6.0,0.00048,-7.62939e-06,162.40646
2.505,0.0,0.00381,-1.09673e-05,162.40646
2.506,-3.0,-0.00381,-9.05991e-06,162.40646
2.507,0.0,0.00238,-1.09673e-05,162.40646
2.508,-1.0,0.00143,-1.19209e-05,162.40646
2.509,1.0,0.0,-1.04904e-05,162.40646
2.51,5.0,-0.00286,-8.58307e-06,162.40646
2.511,0.0,0.00143,-1.00136e-05,162.40646
2.512,-7.0,0.00095,-1.14441e-05,162.40646
2.513,4.0,0.00143,-1.09673e-05,162.40646
2.514,0.0,0.00477,-1.66893e-05,162.40646
2.515,2.0,-0.00715,-1.04904e-05,162.40646
2.516,-3.0,0.00048,-1.00136e-05,162.40646
2.517,5.0,-0.00095,-1.09673e-05,162.40646
2.518,0.0,-0.00095,-8.58307e-06,162.40646
2.519,2.0,0.00048,-9.05991e-06,162.40646
2.52,3.0,0.00095,-1.04904e-05,162.40646
2.521,8.0,-0.00429,-5.72205e-06,162.40646
2.522,-6.0,0.00381,-1.00136e-05,162.40646
2.523,12.0,-0.00191,-8.58307e-06,162.40646
2.524,3.0,0.00143,-9.05991e-06,162.40646
2.525,6.0,0.00048,-1.00136e-05,162.40646
2.526,3.0,-0.00429,-6.19888e-06,162.40646
2.527,-2.0,0.00334,-9.05991e-06,162.40646
2.528,0.0,-0.00191,-6.67572e-06,162.40646
2.529,7.0,0.00191,-8.58307e-06,162.40646
2.53,1.0,-0.00334,-5.72205e-06,162.40646
2.531,3.0,0.00334,-7.62939e-06,162.40646
2.532,0.0,-0.00143,-8.10623e-06,162.40646
2.533,-1.0,-0.00191,-5.24521e-06,162.40646
2.534,0.0,0.00143,-6.67572e-06,162.40646
2.535,0.0,-0.00048,-6.67572e-06,162.40646
2.536,4.0,0.00191,-7.62939e-06,162.40646
2.537,9.0,-0.00238,-5.72205e-06,162.40646
2.538,5.0,0.00191,-7.15256e-06,162.40646
2.539,3.0,-0.00048,-9.53674e-06,162.40646
2.54,-2.0,-0.00429,-2.86102e-06,162.40646
2.541,1.0,0.00286,-5.24521e-06,162.40646
2.542,-1.0,0.00286,-9.05991e-06,162.40646
2.543,-5.0,-0.0062,-2.38419e-06,162.40646
2.544,0.0,0.00381,-5.72205e-06,162.40646
2.545,0.0,0.00143,-8.10623e-06,162.40646
2.546,-2.0,0.0,-6.67572e-06,162.40646
2.547,1.0,0.00238,-8.58307e-06,162.40646
2.548,0.0,-0.00048,-1.00136e-05,162.40646
2.549,-2.0,-0.00238,-7.15256e-06,162.40646
2.55,-2.0,0.00238,-1.00136e-05,162.40646
2.551,-1.0,-0.00095,-8.10623e-06,162.40646
2.552,4.0,0.00143,-9.53674e-06,162.40646
2.553,4.0,-0.00286,-5.24521e-06,162.40646
2.554,13.0,0.00429,-1.23978e-05,162.40646
2.555,13.0,-0.00143,-1.09673e-05,162.40646
2.556,-1.0,-0.00381,-6.67572e-06,162.40646
2.557,5.0,0.00191,-8.58307e-06,162.40646
2.558,0.0,-0.00238,-5.24521e-06,162.40646
2.559,6.0,0.00238,-6.19888e-06,162.40646
2.56,7.0,-0.00048,-8.10623e-06,162.40646
2.561,8.0,-0.00238,-6.19888e-06,162.40646
2.562,-2.0,0.00143,-7.15256e-06,162.40646
2.563,2.0,-0.00095,-5.24521e-06,162.40646
2.564,3.0,0.00238,-7.62939e-06,162.40646
2.565,6.0,-0.00334,-5.24521e-06,162.40646
2.566,1.0,0.00238,-6.19888e-06,162.40646
2.567,-1.0,0.00572,-1.23978e-05,162.40646
2.568,4.0,-0.00143,-1.23978e-05,162.40646
2.569,1.0,-0.00525,-6.67572e-06,162.40646
2.57,2.0,0.00286,-7.62939e-06,162.40646
2.571,8.0,0.00048,-9.53674e-06,162.40646
2.572,-9.0,0.00143,-9.53674e-06,162.40646
2.573,4.0,-0.00238,-9.53674e-06,162.40646
2.574,-1.0,-0.00143,-7.62939e-06,162.40646
2.575,4.0,0.00238,-1.00136e-05,162.40646
2.576,-7.0,0.00191,-1.04904e-05,162.40646
2.577,6.0,-0.00334,-7.62939e-06,162.40646
2.578,5.0,-0.00286,-5.72205e-06,162.40646
2.579,9.0,0.00238,-8.10623e-06,162.40646
2.58,1.0,0.00048,-9.53674e-06,162.40646
2.581,2.0,-0.00095,-6.19888e-06,162.40646
2.582,-11.0,0.00238,-9.53674e-06,162.40646
2.583,3.0,-0.00572,-4.29153e-06,162.40646
2.584,5.0,0.00238,-5.72205e-06,162.40646
2.585,-2.0,0.00334,-9.05991e-06,162.40646
2.586,-2.0,-0.00238,-7.62939e-06,162.40646
2.587,-5.0,-0.00238,-4.29153e-06,162.40646
2.588,1.0,0.00286,-7.15256e-06,162.40646
2.589,6.0,0.00238,-9.53674e-06,162.40646
2.59,-2.0,0.00286,-1.19209e-05,162.40646
2.591,2.0,-0.00668,-7.15256e-06,162.40646
2.592,4.0,0.0,-5.72205e-06,162.40646
2.593,-1.0,0.00238,-9.53674e-06,162.40646
2.594,6.0,-0.00238,-6.19888e-06,162.40646
2.595,2.0,0.00334,-9.05991e-06,162.40646
2.596,4.0,-0.00143,-9.05991e-06,162.40646
2.597,-10.0,0.0,-8.10623e-06,162.40646
2.598,-3.0,0.00048,-8.10623e-06,162.40646
2.599,4.0,-0.00095,-7.62939e-06,162.40646
2.6,1.0,-0.00095,-4.76837e-06,162.40646
2.601,8.0,0.00095,-7.62939e-06,162.40646
2.602,-1.0,0.00143,-9.05991e-06,162.40646
2.603,3.0,-0.00334,-6.67572e-06,162.40646
2.604,2.0,0.00143,-7.15256e-06,162.40646
2.605,4.0,0.00048,-7.15256e-06,162.40646
2.606,-6.0,0.0062,-1.33514e-05,162.40646
2.607,0.0,-0.00525,-8.58307e-06,162.40646
2.608,4.0,0.00286,-9.53674e-06,162.40646
2.609,1.0,-0.00238,-1.04904e-05,162.40646
2.61,2.0,-0.00334,-5.72205e-06,162.40646
2.611,4.0,0.00477,-1.00136e-05,162.40646
2.612,0.0,0.00143,-1.19209e-05,162.40646
2.613,0.0,-0.00238,-9.53674e-06,162.40646
2.614,-4.0,-0.00238,-7.62939e-06,162.40646
2.615,-1.0,0.00095,-8.10623e-06,162.40646
2.616,-3.0,0.00095,-8.10623e-06,162.40646
2.617,5.0,0.00048,-9.05991e-06,162.40646
2.618,9.0,0.00095,-1.04904e-05,162.40646
2.619,-1.0,-0.00048,-1.00136e-05,162.40646
2.62,1.0,-0.00191,-7.62939e-06,162.40646
2.621,1.0,0.00143,-1.09673e-05,162.40646
2.622,12.0,-0.00286,-6.67572e-06,162.40646
2.623,10.0,0.00238,-1.09673e-05,162.40646
2.624,-4.0,-0.00238,-7.62939e-06,162.40646
2.625,7.0,0.00286,-6.67572e-06,162.40646
2.626,-3.0,-0.00429,-6.19888e-06,162.40646
2.627,6.0,0.00095,-4.76837e-06,162.40646
2.628,4.0,0.00334,-1.00136e-05,162.40646
2.629,8.0,-0.00143,-8.10623e-06,162.40646
2.63,2.0,-0.00095,-8.10623e-06,162.40646
2.631,-1.0,-0.00143,-3.33786e-06,162.40646
2.632,11.0,0.00334,-8.10623e-06,162.40646
2.633,-7.0,0.0,-1.14441e-05,162.40646
2.634,-1.0,-0.00572,-3.33786e-06,162.40646
2.635,3.0,0.00858,-1.00136e-05,162.40646
2.636,0.0,-0.00143,-1.09673e-05,162.40646
2.637,0.0,-0.00525,-5.24521e-06,162.40646
2.638,1.0,0.00381,-8.58307e-06,162.40646
2.639,2.0,-0.00048,-9.05991e-06,162.40646
2.64,2.0,-0.00429,-4.29153e-06,162.40646
2.641,7.0,0.00811,-1.14441e-05,162.40646
2.642,2.0,-0.00477,-8.58307e-06,162.40646
2.643,3.0,0.00048,-7.62939e-06,162.40646
2.644,-1.0,0.00143,-1.04904e-05,162.40646
2.645,2.0,-0.00334,-6.19888e-06,162.40646
2.646,6.0,0.00191,-7.62939e-06,162.40646
2.647,-6.0,0.00048,-8.58307e-06,162.40646
2.648,9.0,0.0,-8.10623e-06,162.40646
2.649,1.0,-0.00095,-7.15256e-06,162.40646
2.65,0.0,0.00238,-9.53674e-06,162.40646
2.651,9.0,-0.00095,-1.00136e-05,162.40646
2.652,-5.0,-0.00238,-7.15256e-06,162.40646
2.653,2.0,0.00095,-6.19888e-06,162.40646
2.654,5.0,0.00048,-9.53674e-06,162.40646
2.655,0.0,-0.00334,-5.24521e-06,162.40646
2.656,-2.0,0.00095,-5.24521e-06,162.40646
2.657,-3.0,0.00334,-8.58307e-06,162.40646
2.658,1.0,-0.00238,-6.67572e-06,162.40646
2.659,2.0,0.0,-6.67572e-06,162.40646
2.66,1.0,0.00143,-9.05991e-06,162.40646
2.661,-4.0,-0.00095,-7.62939e-06,162.40646
2.662,3.0,0.00048,-7.62939e-06,162.40646
2.663,-2.0,0.00048,-8.10623e-06,162.40646
2.664,-1.0,-0.00143,-7.15256e-06,162.40646
2.665,0.0,0.00143,-8.10623e-06,162.40646
2.666,9.0,0.0,-9.53674e-06,162.40646
2.667,-2.0,-0.00238,-6.19888e-06,162.40646
2.668,-2.0,0.00238,-8.10623e-06,162.40646
2.669,-3.0,0.00191,-8.58307e-06,162.40646
2.67,0.0,0.00191,-1.23978e-05,162.40646
2.671,2.0,-0.00191,-1.09673e-05,162.40646
2.672,1.0,-0.00048,-9.53674e-06,162.40646
2.673,1.0,0.00286,-1.23978e-05,162.40646
2.674,-1.0,-0.00429,-8.10623e-06,162.40646
2.675,-1.0,-0.00238,-4.29153e-06,162.40646
2.676,-1.0,0.00572,-1.09673e-05,162.40646
2.677,9.0,-0.00286,-9.05991e-06,162.40646
2.678,0.0,0.00048,-9.53674e-06,162.40646
2.679,2.0,0.00048,-9.53674e-06,162.40646
2.68,-8.0,-0.00095,-8.58307e-06,162.40646
2.681,1.0,0.00238,-1.04904e-05,162.40646
2.682,2.0,0.00143,-1.19209e-05,162.40646
2.683,6.0,-0.00238,-9.05991e-06,162.40646
2.684,-4.0,-0.00048,-1.04904e-05,162.40646
2.685,-3.0,0.0,-1.04904e-05,162.40646
2.686,0.0,-0.00525,-6.19888e-06,162.40646
2.687,-6.0,0.00525,-6.67572e-06,162.40646
2.688,3.0,0.0,-8.58307e-06,162.40646
2.689,4.0,-0.00238,-5.72205e-06,162.40646
2.69,12.0,0.00048,-8.10623e-06,162.40646
2.691,0.0,0.00095,-8.58307e-06,162.40646
2.692,2.0,0.00095,-9.53674e-06,162.40646
2.693,0.0,-0.00048,-7.62939e-06,162.40646
2.694,6.0,0.00334,-1.14441e-05,162.40646
2.695,-1.0,-0.00381,-1.00136e-05,162.40646
2.696,-1.0,0.00095,-1.00136e-05,162.40646
2.697,4.0,0.00334,-1.38283e-05,162.40646
2.698,-2.0,-0.00381,-9.05991e-06,162.40646
2.699,-4.0,0.00286,-1.19209e-05,162.40646
2.7,-3.0,-0.00429,-8.58307e-06,162.40646
2.701,5.0,0.00381,-1.00136e-05,162.40646
2.702,8.0,0.00477,-1.57356e-05,162.40646
2.703,0.0,-0.00763,-8.10623e-06,162.40646
2.704,1.0,-0.00191,-6.67572e-06,162.40646
2.705,0.0,0.00048,-7.62939e-06,162.40646
2.706,0.0,0.00143,-8.10623e-06,162.40646
2.707,-2.0,0.00191,-1.04904e-05,162.40646
2.708,1.0,-0.00238,-8.10623e-06,162.40646
2.709,13.0,-0.00095,-7.62939e-06,162.40646
2.71,-2.0,0.00191,-1.00136e-05,162.40646
2.711,11.0,0.00095,-9.53674e-06,162.40646
2.712,3.0,-0.00095,-8.58307e-06,162.40646
2.713,2.0,-0.00048,-7.62939e-06,162.40646
2.714,-4.0,0.0,-8.58307e-06,162.40646
2.715,5.0,0.00048,-1.00136e-05,162.40646
2.716,6.0,0.0,-9.53674e-06,162.40646
2.717,-4.0,0.00095,-1.00136e-05,162.40646
2.718,7.0,0.00048,-1.04904e-05,162.40646
2.719,8.0,0.0,-1.04904e-05,162.40646
2.72,1.0,-0.00143,-9.53674e-06,162.40646
2.721,0.0,-0.00238,-7.15256e-06,162.40646
2.722,16.0,0.00191,-9.53674e-06,162.40646
2.723,2.0,-0.00095,-8.10623e-06,162.40646
2.724,5.0,-0.00048,-7.15256e-06,162.40646
2.725,7.0,0.00191,-9.05991e-06,162.40646
2.726,0.0,0.0,-8.10623e-06,162.40646
2.727,-2.0,0.00238,-1.09673e-05,162.40646
2.728,4.0,-0.00334,-8.10623e-06,162.40646
2.729,5.0,0.00334,-1.04904e-05,162.40646
2.73,0.0,-0.00048,-1.09673e-05,162.40646
2.731,4.0,-0.00048,-1.14441e-05,162.40646
2.732,4.0,-0.00143,-8.58307e-06,162.40646
2.733,5.0,0.00238,-1.28746e-05,162.40646
2.734,5.0,-0.00572,-6.67572e-06,162.40646
2.735,3.0,0.00334,-7.15256e-06,162.40646
2.736,0.0,0.00095,-9.53674e-06,162.40646
2.737,5.0,0.0,-1.09673e-05,162.40646
2.738,1.0,-0.00286,-7.15256e-06,162.40646
2.739,14.0,-0.00095,-6.19888e-06,162.40646
2.74,-4.0,0.00191,-7.15256e-06,162.40646
2.741,1.0,-0.00191,-6.67572e-06,162.40646
2.742,5.0,0.00048,-6.67572e-06,162.40646
2.743,-1.0,0.00286,-9.53674e-06,162.40646
2.744,1.0,-0.00048,-8.58307e-06,162.40646
2.745,3.0,-0.00238,-5.72205e-06,162.40646
2.746,3.0,0.00286,-9.53674e-06,162.40646
2.747,0.0,-0.00143,-8.58307e-06,162.40646
2.748,9.0,-0.00191,-5.72205e-06,162.40646
2.749,2.0,0.00238,-9.05991e-06,162.40646
2.75,9.0,-0.00238,-7.15256e-06,162.40646
2.751,7.0,0.00286,-7.62939e-06,162.40646
2.752,7.0,0.00048,-9.53674e-06,162.40646
2.753,-2.0,-0.00238,-7.15256e-06,162.40646
2.754,-6.0,0.00191,-8.10623e-06,162.40646
2.755,4.0,-0.00143,-8.58307e-06,162.40646
2.756,2.0,0.00238,-9.05991e-06,162.40646
2.757,3.0,0.00286,-1.33514e-05,162.40646
2.758,7.0,-0.00429,-8.58307e-06,162.40646
2.759,6.0,0.00572,-1.33514e-05,162.40646
2.76,5.0,-0.00668,-8.58307e-06,162.40646
2.761,3.0,0.00286,-9.05991e-06,162.40646
2.762,2.0,0.00238,-1.28746e-05,162.40646
2.763,0.0,-0.00811,-5.72205e-06,162.40646
2.764,-6.0,0.00286,-7.15256e-06,162.40646
2.765,2.0,0.00095,-9.53674e-06,162.40646
2.766,0.0,-0.00143,-6.19888e-06,162.40646
2.767,0.0,0.00143,-7.62939e-06,162.40646
2.768,1.0,0.00238,-1.04904e-05,162.40646
2.769,3.0,-0.00334,-8.58307e-06,162.40646
2.77,-5.0,0.00095,-9.05991e-06,162.40646
2.771,-2.0,0.00191,-9.05991e-06,162.40646
2.772,1.0,0.00048,-1.09673e-05,162.40646
2.773,6.0,-0.00715,-3.8147e-06,162.40646
2.774,3.0,0.00381,-6.67572e-06,162.40646
2.775,6.0,0.0,-9.05991e-06,162.40646
2.776,-4.0,-0.00048,-7.15256e-06,162.40646
2.777,0.0,0.00143,-9.05991e-06,162.40646
2.778,0.0,-0.00429,-5.24521e-06,162.40646
2.779,6.0,0.00381,-7.15256e-06,162.40646
2.78,6.0,-0.00048,-8.10623e-06,162.40646
2.781,10.0,-0.00143,-5.24521e-06,162.40646
2.782,0.0,0.00143,-8.58307e-06,162.40646
2.783,11.0,0.00048,-7.62939e-06,162.40646
2.784,7.0,0.00334,-1.19209e-05,162.40646
2.785,0.0,-0.00191,-1.00136e-05,162.40646
2.786,0.0,-0.00381,-5.72205e-06,162.40646
2.787,1.0,0.00286,-8.10623e-06,162.40646
2.788,-6.0,-0.00286,-6.67572e-06,162.40646
2.789,1.0,0.00095,-5.72205e-06,162.40646
2.79,1.0,0.00048,-7.62939e-06,162.40646
2.791,0.0,-0.00143,-5.24521e-06,162.40646
2.792,7.0,0.0,-5.72205e-06,162.40646
2.793,0.0,0.0,-6.67572e-06,162.40646
2.794,-8.0,0.00143,-7.62939e-06,162.40646
2.795,10.0,-0.00381,-4.29153e-06,162.40646
2.796,3.0,0.00668,-1.00136e-05,162.40646
2.797,7.0,-0.00191,-8.58307e-06,162.40646
2.798,1.0,-0.00143,-7.62939e-06,162.40646
2.799,3.0,0.00095,-6.67572e-06,162.40646
2.8,3.0,0.0,-7.15256e-06,162.40646
2.801,0.0,-0.00048,-7.62939e-06,162.40646
2.802,1.0,0.00143,-8.10623e-06,162.40646
2.803,-3.0,-0.00143,-9.05991e-06,162.40646
2.804,3.0,-0.00095,-5.72205e-06,162.40646
2.805,-1.0,0.00191,-6.19888e-06,162.40646
2.806,3.0,-0.00095,-7.15256e-06,162.40646
2.807,6.0,-0.00191,-5.24521e-06,162.40646
2.808,-7.0,0.00381,-8.58307e-06,162.40646
2.809,3.0,-0.00048,-9.05991e-06,162.40646
2.81,1.0,-0.00048,-6.19888e-06,162.40646
2.811,6.0,0.00238,-1.00136e-05,162.40646
2.812,2.0,-0.00572,-4.76837e-06,162.40646
2.813,-4.0,0.00429,-9.53674e-06,162.40646
2.814,7.0,-0.00381,-5.72205e-06,162.40646
2.815,0.0,0.00334,-8.10623e-06,162.40646
2.816,2.0,-0.00334,-6.67572e-06,162.40646
2.817,3.0,0.00381,-8.58307e-06,162.40646
2.818,2.0,0.00048,-9.05991e-06,162.40646
2.819,10.0,-0.00477,-4.76837e-06,162.40646
2.82,8.0,0.00525,-8.58307e-06,162.40646
2.821,6.0,0.00381,-1.4782e-05,162.40646
2.822,4.0,-0.00906,-7.15256e-06,162.40646
2.823,2.0,0.00477,-9.53674e-06,162.40646
2.824,12.0,-0.00143,-9.53674e-06,162.40646
2.825,0.0,0.0,-8.10623e-06,162.40646
2.826,0.0,0.00191,-1.00136e-05,162.40646
2.827,0.0,-0.00286,-8.10623e-06,162.40646
2.828,9.0,-0.00048,-5.72205e-06,162.40646
2.829,0.0,0.00191,-8.58307e-06,162.40646
2.83,3.0,-0.00525,-3.33786e-06,162.40646
2.831,1.0,0.00238,-5.72205e-06,162.40646
2.832,-1.0,0.00048,-6.19888e-06,162.40646
2.833,0.0,0.0,-6.19888e-06,162.40646
2.834,-1.0,0.00048,-5.72205e-06,162.40646
2.835,4.0,0.00334,-1.00136e-05,162.40646
2.836,3.0,-0.00381,-6.19888e-06,162.40646
2.837,0.0,0.00286,-1.00136e-05,162.40646
2.838,0.0,0.00048,-9.53674e-06,162.40646
2.839,7.0,-0.00286,-8.58307e-06,162.40646
2.84,0.0,0.0,-5.72205e-06,162.40646
2.841,7.0,-0.00095,-5.72205e-06,162.40646
2.842,0.0,0.00191,-8.10623e-06,162.40646
2.843,4.0,0.00143,-8.58307e-06,162.40646
2.844,0.0,-0.00238,-5.72205e-06,162.40646
2.845,-1.0,0.00048,-7.15256e-06,162.40646
2.846,-4.0,0.00095,-7.62939e-06,162.40646
2.847,6.0,-0.00238,-5.24521e-06,162.40646
2.848,12.0,-0.00048,-5.24521e-06,162.40646
2.849,0.0,0.00048,-5.72205e-06,162.40646
2.85,-2.0,0.00191,-7.62939e-06,162.40646
2.851,-1.0,0.00286,-1.00136e-05,162.40646
2.852,11.0,-0.00525,-4.29153e-06,162.40646
2.853,10.0,0.00429,-1.04904e-05,162.40646
2.854,-3.0,-0.00334,-7.15256e-06,162.40646
2.855,7.0,0.0,-5.72205e-06,162.40646
2.856,10.0,0.00381,-1.09673e-05,162.40646
2.857,5.0,-0.00334,-8.10623e-06,162.40646
2.858,-5.0,0.00143,-7.15256e-06,162.40646
2.859,-6.0,0.00048,-8.58307e-06,162.40646
2.86,4.0,-0.00477,-3.33786e-06,162.40646
2.861,1.0,0.00525,-8.10623e-06,162.40646
2.862,3.0,-0.00286,-7.62939e-06,162.40646
2.863,-3.0,0.00143,-7.15256e-06,162.40646
2.864,2.0,0.00048,-8.10623e-06,162.40646
2.865,10.0,-0.00048,-8.10623e-06,162.40646
2.866,3.0,-0.00048,-7.62939e-06,162.40646
2.867,3.0,0.00095,-8.58307e-06,162.40646
2.868,0.0,-0.00143,-6.67572e-06,162.40646
2.869,5.0,-0.00048,-5.72205e-06,162.40646
2.87,2.0,0.00143,-7.15256e-06,162.40646
2.871,-3.0,0.00191,-9.05991e-06,162.40646
2.872,6.0,-0.00238,-7.62939e-06,162.40646
2.873,-4.0,0.00143,-8.10623e-06,162.40646
2.874,6.0,0.0,-9.05991e-06,162.40646
2.875,10.0,-0.00286,-5.72205e-06,162.40646
2.876,4.0,0.0062,-1.09673e-05,162.40646
2.877,2.0,-0.00477,-8.10623e-06,162.40646
2.878,1.0,0.00048,-6.67572e-06,162.40646
2.879,-1.0,0.00143,-9.53674e-06,162.40646
2.88,3.0,-0.00238,-6.67572e-06,162.40646
2.881,8.0,0.00334,-9.05991e-06,162.40646
2.882,3.0,-0.00334,-7.62939e-06,162.40646
2.883,4.0,0.00048,-6.67572e-06,162.40646
2.884,-4.0,0.00286,-9.53674e-06,162.40646
2.885,5.0,-0.00525,-6.19888e-06,162.40646
2.886,1.0,0.00143,-5.72205e-06,162.40646
2.887,4.0,0.00286,-1.00136e-05,162.40646
2.888,4.0,-0.00334,-5.24521e-06,162.40646
2.889,0.0,0.00286,-7.62939e-06,162.40646
2.89,2.0,-0.00143,-7.15256e-06,162.40646
2.891,0.0,-0.00191,-5.72205e-06,162.40646
2.892,-1.0,0.0062,-1.04904e-05,162.40646
2.893,2.0,-0.00238,-1.00136e-05,162.40646
2.894,-3.0,-0.00525,-3.8147e-06,162.40646
2.895,3.0,0.00429,-8.10623e-06,162.40646
2.896,4.0,-0.00143,-7.15256e-06,162.40346
2.897,3.0,0.00334,-8.58307e-06,162.39746
2.898,3.0,0.00191,-1.33514e-05,162.38846
2.899,14.0,-0.01049,-0.00263,162.37646
2.9,81.0,-0.15926,-0.00813,162.36146
2.901,216.0,-0.7267,-0.01614,162.34346
2.902,300.0,-1.82438,-0.02608,162.32246
2.903,391.0,-2.87724,-0.03794,162.29846
2.904,512.0,-3.83615,-0.05188,162.27146
2.905,627.0,-5.48553,-0.06729,162.24146
2.906,730.0,-8.30889,-0.0831,162.20846
2.907,760.0,-14.3075,-0.09628,162.17246
2.908,743.0,-21.1072,-0.10561,162.13346
2.909,715.0,-27.34232,-0.11163,162.09146
2.91,684.0,-33.02526,-0.11493,162.04646
2.911,656.0,-38.27524,-0.11591,161.99846
2.912,638.0,-43.12897,-0.11499,161.94846
2.913,622.0,-47.7767,-0.11241,161.89846
2.914,568.0,-51.90039,-0.1086,161.84846
2.915,557.0,-55.34744,-0.10341,161.79846
2.916,465.0,-58.17699,-0.09554,161.74846
2.917,400.0,-59.86071,-0.08583,161.69846
2.918,332.0,-60.53972,-0.07532,161.64846
2.919,303.0,-60.30464,-0.06494,161.59846
2.92,281.0,-59.79872,-0.05509,161.54846
2.921,254.0,-58.94041,-0.046,161.49846
2.922,242.0,-57.82127,-0.03804,161.44846
2.923,230.0,-56.65016,-0.03125,161.39846
2.924,239.0,-55.44043,-0.02566,161.34846
2.925,236.0,-54.35801,-0.02118,161.29846
2.926,242.0,-53.55787,-0.01754,161.24846
2.927,235.0,-53.19118,-0.01441,161.19846
2.928,240.0,-52.56748,-0.01167,161.14846
2.929,242.0,-52.13833,-0.00947,161.09846
2.93,226.0,-51.79262,-0.00756,161.04846
2.931,241.0,-51.30577,-0.00626,160.99846
2.932,234.0,-50.95387,-0.00528,160.94846
2.933,236.0,-50.70877,-0.00454,160.89846
2.934,242.0,-50.38643,-0.00412,160.84846
2.935,235.0,-50.22383,-0.00392,160.79846
2.936,251.0,-49.93057,-0.00391,160.74846
2.937,249.0,-49.73364,-0.00414,160.69846
2.938,244.0,-49.52097,-0.00459,160.64846
2.939,260.0,-49.33739,-0.00524,160.59846
2.94,267.0,-49.19004,-0.00605,160.54846
2.941,267.0,-49.02649,-0.00699,160.49846
2.942,278.0,-49.08276,-0.008,160.44846
2.943,284.0,-49.07227,-0.00886,160.39846
2.944,269.0,-49.10326,-0.00974,160.34846
2.945,300.0,-49.01457,-0.01072,160.29846
2.946,307.0,-49.12853,-0.01161,160.24846
2.947,306.0,-48.98882,-0.01258,160.19846
2.948,307.0,-48.841,-0.01373,160.14846
2.949,314.0,-48.99788,-0.01486,160.09846
2.95,316.0,-48.74706,-0.01601,160.04846
2.951,321.0,-48.78855,-0.0172,159.99846
2.952,328.0,-48.80714,-0.01839,159.94846
2.953,358.0,-48.83909,-0.01956,159.89846
2.954,350.0,-48.97642,-0.02062,159.84846
2.955,351.0,-49.27731,-0.02138,159.79846
2.956,349.0,-49.53384,-0.02188,159.74846
2.957,342.0,-49.78418,-0.02212,159.69846
2.958,342.0,-49.98064,-0.02217,159.64846
2.959,337.0,-50.42601,-0.02169,159.59846
2.96,308.0,-50.73738,-0.02107,159.54846
2.961,323.0,-50.81081,-0.02029,159.49846
2.962,323.0,-50.92144,-0.01936,159.44846
2.963,321.0,-50.8132,-0.01854,159.39846
2.964,316.0,-50.67921,-0.01789,159.34846
2.965,317.0,-50.46892,-0.01736,159.29846
2.966,324.0,-50.36688,-0.01696,159.24846
2.967,331.0,-50.33636,-0.01663,159.19846
2.968,323.0,-50.27962,-0.01634,159.14846
2.969,326.0,-50.1852,-0.01614,159.09846
2.97,308.0,-50.11368,-0.01601,159.04846
2.971,328.0,-49.98922,-0.01611,158.99846
2.972,336.0,-49.69883,-0.01631,158.94846
2.973,328.0,-49.94106,-0.01638,158.89846
2.974,348.0,-49.98493,-0.01637,158.84846
2.975,326.0,-50.24576,-0.01621,158.79846
2.976,335.0,-50.41027,-0.01579,158.74846
2.977,335.0,-50.39549,-0.01541,158.69846
2.978,327.0,-50.44794,-0.01496,158.64846
2.979,325.0,-50.35877,-0.01457,158.59846
2.98,328.0,-50.12894,-0.01443,158.54846
2.981,314.0,-50.03881,-0.01437,158.49846
2.982,331.0,-49.94392,-0.01442,158.44846
2.983,330.0,-49.9301,-0.01448,158.39846
2.984,343.0,-49.7241,-0.01473,158.34846
2.985,345.0,-49.57867,-0.01516,158.29846
2.986,336.0,-49.78895,-0.01539,158.24846
2.987,339.0,-49.86143,-0.01554,158.19846
2.988,345.0,-49.89862,-0.01563,158.14846
2.989,341.0,-49.99352,-0.01566,158.09846
2.99,342.0,-50.22621,-0.01548,158.04846
2.991,334.0,-50.49706,-0.01499,157.99846
2.992,321.0,-50.57764,-0.01441,157.94846
2.993,330.0,-50.6444,-0.01387,157.89846
2.994,321.0,-50.67825,-0.01312,157.84846
2.995,322.0,-50.68207,-0.01241,157.79846
2.996,320.0,-50.43602,-0.01198,157.74846
2.997,318.0,-50.28725,-0.01167,157.69846
2.998,327.0,-50.21429,-0.01142,157.64846
2.999,323.0,-50.19093,-0.01125,157.59846
3.0,319.0,-50.13704,-0.01111,157.54846
3.001,330.0,-50.06504,-0.01102,157.49846
3.002,312.0,-50.01783,-0.011,157.44846
3.003,320.0,-49.92628,-0.01099,157.39846
3.004,326.0,-49.91484,-0.01116,157.34846
3.005,322.0,-50.03929,-0.01113,157.29846
3.006,329.0,-50.24576,-0.0109,157.24846
3.007,304.0,-50.53139,-0.01041,157.19846
3.008,305.0,-50.54617,-0.00987,157.14846
3.009,310.0,-50.45938,-0.00939,157.09846
3.01,300.0,-50.55523,-0.00886,157.04846
3.011,305.0,-50.42124,-0.0084,156.99846
3.012,306.0,-50.21238,-0.00816,156.94846
3.013,296.0,-50.01307,-0.00814,156.89846
3.014,316.0,-49.85571,-0.00825,156.84846
3.015,307.0,-49.88527,-0.00843,156.79846
3.016,320.0,-49.54958,-0.00879,156.74846
3.017,326.0,-49.44468,-0.00925,156.69846
3.018,325.0,-49.24965,-0.01005,156.64846
3.019,334.0,-49.20292,-0.01085,156.59846
3.02,339.0,-49.22867,-0.01162,156.54846
3.021,330.0,-49.46232,-0.01221,156.49846
3.022,341.0,-49.81279,-0.01251,156.44846
3.023,328.0,-49.95537,-0.0125,156.39846
3.024,322.0,-50.17519,-0.01234,156.34846
3.025,336.0,-50.09747,-0.01222,156.29846
3.026,334.0,-50.16184,-0.01208,156.24846
3.027,325.0,-50.08984,-0.01196,156.19846
3.028,325.0,-49.98589,-0.01197,156.14846
3.029,328.0,-49.95966,-0.01209,156.09846
3.03,346.0,-49.59774,-0.01238,156.04846
3.031,340.0,-49.70741,-0.01268,155.99846
3.032,335.0,-49.68882,-0.01298,155.94846
3.033,340.0,-49.66354,-0.01332,155.89846
3.034,336.0,-49.8209,-0.01353,155.84846
3.035,336.0,-49.87144,-0.01366,155.79846
3.036,341.0,-49.89433,-0.01376,155.74846
3.037,335.0,-50.0989,-0.0137,155.69846
3.038,340.0,-50.33302,-0.01338,155.64846
3.039,321.0,-50.55332,-0.01277,155.59846
3.04,310.0,-50.68445,-0.01219,155.54846
3.041,325.0,-50.69494,-0.01149,155.49846
3.042,315.0,-50.57955,-0.01089,155.44846
3.043,315.0,-50.41933,-0.01045,155.39846
3.044,321.0,-50.26293,-0.01018,155.34846
3.045,314.0,-50.22144,-0.00995,155.29846
3.046,327.0,-50.13275,-0.00976,155.24846
3.047,332.0,-50.12274,-0.00969,155.19846
3.048,309.0,-49.99018,-0.00967,155.14846
3.049,332.0,-49.82328,-0.00983,155.09846
3.05,321.0,-49.77655,-0.01004,155.04846
3.051,320.0,-49.685,-0.0104,154.99846
3.052,329.0,-49.48425,-0.01085,154.94846
3.053,327.0,-49.65544,-0.01117,154.89846
3.054,344.0,-49.78323,-0.01146,154.84846
3.055,328.0,-50.08125,-0.01142,154.79846
3.056,310.0,-50.34018,-0.0111,154.74846
3.057,331.0,-50.39167,-0.0107,154.69846
3.058,323.0,-50.48895,-0.01029,154.64846
3.059,324.0,-50.26722,-0.00995,154.59846
3.06,311.0,-50.33541,-0.0096,154.54846
3.061,306.0,-50.15707,-0.00943,154.49846
3.062,324.0,-49.89576,-0.0095,154.44846
3.063,315.0,-49.95966,-0.00955,154.39846
3.064,310.0,-49.90578,-0.00963,154.34846
3.065,336.0,-49.83139,-0.00984,154.29846
3.066,316.0,-49.79944,-0.01,154.24846
3.067,325.0,-49.79801,-0.01018,154.19846
3.068,320.0,-49.82185,-0.01028,154.14846
3.069,322.0,-49.87574,-0.01052,154.09846
3.07,335.0,-49.85857,-0.01065,154.04846
3.071,321.0,-49.88527,-0.01078,153.99846
3.072,311.0,-49.89195,-0.01088,153.94846
3.073,336.0,-49.89147,-0.01099,153.89846
3.074,323.0,-49.90816,-0.01105,153.84846
3.075,331.0,-49.6912,-0.01134,153.79846
3.076,341.0,-49.49951,-0.01184,153.74846
3.077,329.0,-49.48235,-0.01235,153.69846
3.078,342.0,-49.48473,-0.01286,153.64846
3.079,346.0,-49.66593,-0.01324,153.59846
3.08,332.0,-49.8457,-0.01349,153.54846
3.081,352.0,-49.62492,-0.01376,153.49846
3.082,331.0,-49.76892,-0.01399,153.44846
3.083,350.0,-49.81232,-0.01419,153.39846
3.084,354.0,-49.97826,-0.01427,153.34846
3.085,329.0,-50.14372,-0.01413,153.29846
3.086,344.0,-50.47989,-0.01368,153.24846
3.087,317.0,-50.84372,-0.01298,153.19846
3.088,311.0,-50.72641,-0.01214,153.14846
3.089,321.0,-50.81797,-0.01134,153.09846
3.09,306.0,-50.86899,-0.01046,153.04846
3.091,311.0,-50.64487,-0.00977,152.99846
3.092,316.0,-50.24338,-0.00948,152.94846
3.093,315.0,-50.04883,-0.00942,152.89846
3.094,317.0,-49.97683,-0.00943,152.84846
3.095,314.0,-49.92676,-0.0095,152.79846
3.096,337.0,-49.76988,-0.0097,152.74846
3.097,337.0,-49.56913,-0.01007,152.69846
3.098,329.0,-49.48902,-0.01063,152.64846
3.099,335.0,-49.52812,-0.0111,152.59846
3.1,338.0,-49.60489,-0.01151,152.54846
3.101,340.0,-49.82615,-0.0117,152.49846
3.102,331.0,-50.16804,-0.01163,152.44846
3.103,310.0,-50.26388,-0.01134,152.39846
3.104,322.0,-50.3273,-0.01095,152.34846
3.105,327.0,-50.32921,-0.01068,152.29846
3.106,315.0,-50.4775,-0.01024,152.24846
3.107,312.0,-50.44985,-0.00975,152.19846
3.108,321.0,-50.27676,-0.00945,152.14846
3.109,311.0,-50.03548,-0.00939,152.09846
3.11,325.0,-49.78991,-0.00957,152.04846
3.111,328.0,-49.70741,-0.00978,151.99846
3.112,324.0,-49.56722,-0.01027,151.94846
3.113,344.0,-49.38078,-0.01087,151.89846
3.114,338.0,-49.3269,-0.01155,151.84846
3.115,340.0,-49.19291,-0.01232,151.79846
3.116,354.0,-49.13855,-0.0132,151.74846
3.117,353.0,-49.36647,-0.01386,151.69846
3.118,361.0,-49.65925,-0.01421,151.64846
3.119,346.0,-50.07029,-0.01423,151.59846
3.12,348.0,-50.29631,-0.01395,151.54846
3.121,350.0,-50.41027,-0.01356,151.49846
3.122,321.0,-50.60339,-0.01297,151.44846
3.123,328.0,-50.51661,-0.01241,151.39846
3.124,329.0,-50.28296,-0.01212,151.34846
3.125,314.0,-50.179,-0.01191,151.29846
3.126,341.0,-50.02117,-0.01189,151.24846
3.127,329.0,-50.03214,-0.01186,151.19846
3.128,346.0,-49.963,-0.01187,151.14846
3.129,328.0,-49.89767,-0.01199,151.09846
3.13,334.0,-50.03834,-0.01199,151.04846
3.131,331.0,-49.8147,-0.0121,150.99846
3.132,349.0,-49.71933,-0.01239,150.94846
3.133,336.0,-49.87192,-0.01255,150.89846
3.134,357.0,-50.13275,-0.01246,150.84846
3.135,325.0,-50.48609,-0.01202,150.79846
3.136,321.0,-50.73643,-0.01128,150.74846
3.137,323.0,-50.75073,-0.01054,150.69846
3.138,312.0,-50.75693,-0.00977,150.64846
3.139,316.0,-50.53139,-0.0092,150.59846
3.14,318.0,-50.22192,-0.00888,150.54846
3.141,315.0,-50.0145,-0.00891,150.49846
3.142,323.0,-49.89243,-0.00902,150.44846
3.143,324.0,-49.87574,-0.00913,150.39846
3.144,328.0,-49.73698,-0.00937,150.34846
3.145,336.0,-49.64924,-0.0098,150.29846
3.146,332.0,-49.41177,-0.01029,150.24846
3.147,343.0,-49.53623,-0.01074,150.19846
3.148,334.0,-49.67642,-0.01111,150.14846
3.149,330.0,-49.85428,-0.01129,150.09846
3.15,331.0,-50.14086,-0.01118,150.04846
3.151,323.0,-50.24767,-0.01093,149.99846
3.152,318.0,-50.25768,-0.0107,149.94846
3.153,326.0,-50.13227,-0.01052,149.89846
3.154,326.0,-50.22621,-0.01031,149.84846
3.155,324.0,-50.02022,-0.01026,149.79846
3.156,326.0,-49.91341,-0.01035,149.74846
3.157,328.0,-49.86858,-0.01046,149.69846
3.158,327.0,-49.76273,-0.01068,149.64846
3.159,343.0,-49.83044,-0.01088,149.59846
3.16,345.0,-49.73745,-0.01111,149.54846
3.161,343.0,-49.78228,-0.01136,149.49846
3.162,333.0,-49.93105,-0.01131,149.44846
3.163,331.0,-49.99685,-0.01145,149.39846
3.164,335.0,-50.07029,-0.0114,149.34846
3.165,318.0,-50.19808,-0.01119,149.29846
3.166,328.0,-50.31967,-0.01089,149.24846
3.167,319.0,-50.56572,-0.01038,149.19846
3.168,314.0,-50.58813,-0.00977,149.14846
3.169,314.0,-50.47703,-0.00927,149.09846
3.17,319.0,-50.46654,-0.00882,149.04846
3.171,313.0,-50.1914,-0.00857,148.99846
3.172,321.0,-49.95537,-0.0086,148.94846
3.173,314.0,-49.88623,-0.00871,148.89846
3.174,330.0,-49.80612,-0.00895,148.84846
3.175,332.0,-49.582,-0.00928,148.79846
3.176,340.0,-49.58582,-0.0096,148.74846
3.177,341.0,-49.43657,-0.01023,148.69846
3.178,335.0,-49.51048,-0.01076,148.64846
3.179,335.0,-49.42703,-0.01131,148.59846
3.18,344.0,-49.41797,-0.01189,148.54846
3.181,343.0,-49.66497,-0.01235,148.49846
3.182,359.0,-49.63541,-0.01263,148.44846
3.183,329.0,-50.0493,-0.01262,148.39846
3.184,327.0,-50.16994,-0.01245,148.34846
3.185,333.0,-50.15516,-0.0123,148.29846
3.186,326.0,-50.30441,-0.01202,148.24846
3.187,333.0,-50.16804,-0.01181,148.19846
3.188,337.0,-49.94249,-0.01186,148.14846
3.189,335.0,-49.8724,-0.01197,148.09846
3.19,344.0,-49.83377,-0.01214,148.04846
3.191,338.0,-49.92867,-0.0122,147.99846
3.192,339.0,-49.95012,-0.01228,147.94846
3.193,333.0,-49.91722,-0.01235,147.89846
3.194,337.0,-49.98493,-0.01238,147.84846
3.195,335.0,-49.88289,-0.01248,147.79846
3.196,346.0,-49.89862,-0.01259,147.74846
3.197,330.0,-50.05932,-0.01255,147.69846
3.198,348.0,-50.1461,-0.01236,147.64846
3.199,331.0,-50.23146,-0.0122,147.59846
3.2,345.0,-50.31967,-0.01188,147.54846
3.201,344.0,-50.28725,-0.01159,147.49846
3.202,342.0,-50.23241,-0.01134,147.44846
3.203,339.0,-50.09031,-0.01127,147.39846
3.204,341.0,-49.78132,-0.01142,147.34846
3.205,336.0,-49.69263,-0.01171,147.29846
3.206,357.0,-49.62015,-0.01209,147.24846
3.207,340.0,-49.68929,-0.01241,147.19846
3.208,353.0,-49.69025,-0.0127,147.14846
3.209,357.0,-49.57151,-0.01313,147.09846
3.21,347.0,-49.6254,-0.01357,147.04846
3.211,354.0,-49.44944,-0.01404,146.99846
3.212,360.0,-49.56865,-0.0145,146.94846
3.213,352.0,-49.74365,-0.01478,146.89846
3.214,372.0,-49.99447,-0.01482,146.84846
3.215,345.0,-50.30203,-0.01457,146.79846
3.216,326.0,-50.55475,-0.01399,146.74846
3.217,344.0,-50.74787,-0.01333,146.69846
3.218,345.0,-50.65441,-0.01263,146.64846
3.219,333.0,-50.63105,-0.01191,146.59846
3.22,337.0,-50.45938,-0.01149,146.54846
3.221,331.0,-50.30394,-0.01118,146.49846
3.222,339.0,-50.09079,-0.01107,146.44846
3.223,341.0,-50.0493,-0.011,146.39846
3.224,335.0,-49.99638,-0.01105,146.34846
3.225,344.0,-49.79897,-0.0112,146.29846
3.226,345.0,-49.86477,-0.01134,146.24846
3.227,341.0,-49.84426,-0.01141,146.19846
3.228,348.0,-49.81279,-0.01167,146.14846
3.229,343.0,-49.91341,-0.01177,146.09846
3.23,347.0,-50.07935,-0.01171,146.04846
3.231,341.0,-50.28057,-0.01147,145.99846
3.232,342.0,-50.40503,-0.01107,145.94846
3.233,331.0,-50.40646,-0.01066,145.89846
3.234,331.0,-50.40836,-0.0102,145.84846
3.235,337.0,-50.25482,-0.00997,145.79846
3.236,338.0,-50.11082,-0.00985,145.74846
3.237,322.0,-50.04072,-0.00978,145.69846
3.238,340.0,-49.79944,-0.00996,145.64846
3.239,337.0,-49.7098,-0.01024,145.59846
3.24,351.0,-49.63923,-0.01059,145.54846
3.241,349.0,-49.56865,-0.011,145.49846
3.242,350.0,-49.59583,-0.01144,145.44846
3.243,348.0,-49.6769,-0.01176,145.39846
3.244,349.0,-49.7632,-0.01202,145.34846
3.245,342.0,-50.04692,-0.012,145.29846
3.246,343.0,-50.36068,-0.01174,145.24846
3.247,337.0,-50.55666,-0.01117,145.19846
3.248,309.0,-50.72069,-0.01045,145.14846
3.249,328.0,-50.64774,-0.0098,145.09846
3.25,316.0,-50.65966,-0.00912,145.04846
3.251,326.0,-50.30155,-0.00875,144.99846
3.252,330.0,-50.03881,-0.00871,144.94846
3.253,324.0,-50.11082,-0.0087,144.89846
3.254,331.0,-49.86572,-0.00872,144.84846
3.255,334.0,-49.86382,-0.00884,144.79846
3.256,349.0,-49.66784,-0.00915,144.74846
3.257,356.0,-49.44229,-0.00968,144.69846
3.258,334.0,-49.43132,-0.01025,144.64846
3.259,342.0,-49.39127,-0.01086,144.59846
3.26,353.0,-49.54576,-0.01138,144.54846
3.261,346.0,-49.74413,-0.01164,144.49846
3.262,352.0,-50.00114,-0.01165,144.44846
3.263,345.0,-50.24433,-0.01141,144.39846
3.264,335.0,-50.22478,-0.01122,144.34846
3.265,345.0,-50.2634,-0.01096,144.29846
3.266,321.0,-50.46034,-0.01052,144.24846
3.267,324.0,-50.26436,-0.01019,144.19846
3.268,337.0,-50.10462,-0.01016,144.14846
3.269,330.0,-49.80755,-0.01025,144.09846
3.27,343.0,-49.84236,-0.01035,144.04846
3.271,346.0,-49.87621,-0.01054,143.99846
3.272,343.0,-49.74556,-0.01077,143.94846
3.273,350.0,-49.54958,-0.0112,143.89846
3.274,342.0,-49.64256,-0.0116,143.84846
3.275,342.0,-49.68834,-0.01188,143.79846
3.276,351.0,-49.72649,-0.01217,143.74846
3.277,340.0,-49.95537,-0.01225,143.69846
3.278,348.0,-50.2224,-0.01205,143.64846
3.279,340.0,-50.38786,-0.0117,143.59846
3.28,322.0,-50.40884,-0.01128,143.54846
3.281,341.0,-50.49562,-0.0108,143.49846
3.282,332.0,-50.49992,-0.01029,143.44846
3.283,329.0,-50.30584,-0.00997,143.39846
3.284,331.0,-50.1833,-0.00976,143.34846
3.285,321.0,-50.08554,-0.00966,143.29846
3.286,343.0,-49.93773,-0.00971,143.24846
3.287,336.0,-49.94631,-0.00976,143.19846
3.288,343.0,-49.80278,-0.00993,143.14846
3.289,351.0,-49.68643,-0.01025,143.09846
3.29,336.0,-49.79181,-0.01047,143.04846
3.291,336.0,-49.72744,-0.01073,142.99846
3.292,341.0,-49.6459,-0.01108,142.94846
3.293,337.0,-49.75462,-0.01134,142.89846
3.294,359.0,-50.00019,-0.01138,142.84846
3.295,327.0,-50.3459,-0.01107,142.79846
3.296,329.0,-50.52757,-0.01056,142.74846
3.297,326.0,-50.55475,-0.01,142.69846
3.298,317.0,-50.61817,-0.00938,142.64846
3.299,323.0,-50.31729,-0.00903,142.59846
3.3,326.0,-50.11511,-0.00891,142.54846
3.301,320.0,-50.05598,-0.00884,142.49846
3.302,331.0,-49.96204,-0.00887,142.44846
3.303,327.0,-50.01926,-0.00884,142.39846
3.304,320.0,-49.9382,-0.00889,142.34846
3.305,333.0,-49.87001,-0.00902,142.29846
3.306,325.0,-49.8538,-0.00916,142.24846
3.307,330.0,-49.78609,-0.00931,142.19846
3.308,333.0,-49.62969,-0.00974,142.14846
3.309,334.0,-49.80469,-0.00996,142.09846
3.31,339.0,-50.02213,-0.00995,142.04846
3.311,313.0,-50.13132,-0.00986,141.99846
3.312,323.0,-50.15039,-0.00967,141.94846
3.313,337.0,-50.14515,-0.00952,141.89846
3.314,329.0,-50.12035,-0.0094,141.84846
3.315,331.0,-49.94488,-0.00944,141.79846
3.316,331.0,-49.8538,-0.00959,141.74846
3.317,328.0,-49.84617,-0.00973,141.69846
3.318,346.0,-49.77036,-0.01002,141.64846
3.319,338.0,-49.582,-0.01036,141.59846
3.32,331.0,-49.65496,-0.01068,141.54846
3.321,340.0,-49.67785,-0.01104,141.49846
3.322,331.0,-49.73507,-0.0113,141.44846
3.323,340.0,-49.75033,-0.01155,141.39846
3.324,339.0,-49.7756,-0.01179,141.34846
3.325,344.0,-50.00114,-0.01185,141.29846
3.326,350.0,-50.05169,-0.01175,141.24846
3.327,333.0,-50.28582,-0.01152,141.19846
3.328,328.0,-50.42553,-0.01111,141.14846
3.329,350.0,-50.39692,-0.01071,141.09846
3.33,325.0,-50.30107,-0.01037,141.04846
3.331,332.0,-49.96109,-0.01036,140.99846
3.332,342.0,-49.70312,-0.01063,140.94846
3.333,336.0,-49.63207,-0.011,140.89846
3.334,348.0,-49.5472,-0.01145,140.84846
3.335,350.0,-49.5348,-0.01178,140.79846
3.336,362.0,-49.47758,-0.01242,140.74846
3.337,355.0,-49.4113,-0.01301,140.69846
3.338,358.0,-49.39651,-0.0136,140.64846
3.339,362.0,-49.41034,-0.0142,140.59846
3.34,364.0,-49.51286,-0.01471,140.54846
3.341,345.0,-49.79563,-0.01494,140.49846
3.342,367.0,-50.02213,-0.01493,140.44846
3.343,352.0,-50.26484,-0.01472,140.39846
3.344,345.0,-50.49276,-0.01425,140.34846
3.345,352.0,-50.54951,-0.01372,140.29846
3.346,346.0,-50.63677,-0.01308,140.24846
3.347,349.0,-50.56095,-0.01254,140.19846
3.348,341.0,-50.21238,-0.01224,140.14846
3.349,342.0,-50.11702,-0.0121,140.09846
3.35,352.0,-49.97921,-0.01211,140.04846
3.351,348.0,-49.97444,-0.01215,139.99846
3.352,352.0,-49.86811,-0.01227,139.94846
3.353,361.0,-49.77655,-0.01248,139.89846
3.354,347.0,-49.86048,-0.01265,139.84846
3.355,349.0,-49.79753,-0.01282,139.79846
3.356,360.0,-49.81947,-0.01301,139.74846
3.357,346.0,-50.05646,-0.01295,139.69846
3.358,350.0,-50.2696,-0.01274,139.64846
3.359,336.0,-50.49181,-0.01229,139.59846
3.36,327.0,-50.58765,-0.0117,139.54846
3.361,337.0,-50.53949,-0.01115,139.49846
3.362,337.0,-50.45128,-0.01067,139.44846
3.363,339.0,-50.2224,-0.01042,139.39846
3.364,340.0,-50.02689,-0.01031,139.34846
3.365,333.0,-49.92485,-0.01044,139.29846
3.366,353.0,-49.8476,-0.0106,139.24846
3.367,339.0,-49.95966,-0.01065,139.19846
3.368,345.0,-49.96729,-0.01068,139.14846
3.369,358.0,-49.87526,-0.0108,139.09846
3.37,336.0,-49.88337,-0.01091,139.04846
3.371,347.0,-49.88384,-0.01102,138.99846
3.372,347.0,-49.92628,-0.01111,138.94846
3.373,339.0,-50.05503,-0.01107,138.89846
3.374,355.0,-50.16136,-0.01089,138.84846
3.375,340.0,-50.28534,-0.01066,138.79846
3.376,335.0,-50.41027,-0.0103,138.74846
3.377,331.0,-50.36736,-0.00989,138.69846
3.378,329.0,-50.62389,-0.0093,138.64846
3.379,325.0,-50.49562,-0.00876,138.59846
3.38,329.0,-50.17042,-0.00858,138.54846
3.381,332.0,-49.9649,-0.00858,138.49846
3.382,337.0,-49.93725,-0.00863,138.44846
3.383,333.0,-49.89195,-0.00872,138.39846
3.384,326.0,-49.81136,-0.00891,138.34846
3.385,340.0,-49.79467,-0.00914,138.29846
3.386,334.0,-49.92151,-0.00917,138.24846
3.387,333.0,-49.8271,-0.00936,138.19846
3.388,337.0,-49.69311,-0.00966,138.14846
3.389,334.0,-49.83664,-0.00985,138.09846
3.39,344.0,-49.95298,-0.00991,138.04846
3.391,323.0,-50.22335,-0.00981,137.99846
3.392,327.0,-50.13895,-0.00958,137.94846
3.393,326.0,-50.31967,-0.00918,137.89846
3.394,326.0,-50.33779,-0.00893,137.84846
3.395,322.0,-50.20428,-0.0087,137.79846
3.396,327.0,-50.01116,-0.00868,137.74846
3.397,318.0,-49.963,-0.00871,137.69846
3.398,323.0,-49.73364,-0.00894,137.64846
3.399,338.0,-49.64781,-0.00929,137.59846
3.4,336.0,-49.65591,-0.00963,137.54846
3.401,336.0,-49.73602,-0.00993,137.49846
3.402,336.0,-49.89576,-0.01004,137.44846
3.403,331.0,-50.0164,-0.01004,137.39846
3.404,336.0,-50.09365,-0.00996,137.34846
3.405,319.0,-50.31967,-0.00968,137.29846
3.406,325.0,-50.50039,-0.00919,137.24846
3.407,299.0,-50.72117,-0.00848,137.19846
3.408,305.0,-50.70114,-0.00771,137.14846
3.409,313.0,-50.44365,-0.0073,137.09846
3.41,308.0,-50.26054,-0.00701,137.04846
3.411,317.0,-49.98732,-0.00698,136.99846
3.412,320.0,-49.72887,-0.00725,136.94846
3.413,318.0,-49.6521,-0.00759,136.89846
3.414,330.0,-49.49188,-0.00805,136.84846
3.415,332.0,-49.38173,-0.00867,136.79846
3.416,339.0,-49.26491,-0.00942,136.74846
3.417,352.0,-49.17049,-0.01022,136.69846
3.418,333.0,-49.35598,-0.01088,136.64846
3.419,340.0,-49.46804,-0.01143,136.59846
3.42,347.0,-49.55006,-0.01189,136.54846
3.421,340.0,-49.79944,-0.01214,136.49846
3.422,351.0,-50.03595,-0.01212,136.44846
3.423,330.0,-50.25625,-0.01188,136.39846
3.424,321.0,-50.22478,-0.01166,136.34846
3.425,341.0,-50.15087,-0.01149,136.29846
3.426,328.0,-50.22764,-0.01128,136.24846
3.427,339.0,-50.08125,-0.01117,136.19846
3.428,328.0,-50.03214,-0.01109,136.14846
3.429,330.0,-49.96443,-0.01116,136.09846
3.43,331.0,-49.89147,-0.01126,136.04846
3.431,335.0,-49.87144,-0.01139,135.99846
3.432,344.0,-49.85476,-0.01151,135.94846
3.433,353.0,-49.76797,-0.01175,135.89846
3.434,333.0,-49.81756,-0.01195,135.84846
3.435,338.0,-49.89815,-0.01206,135.79846
3.436,336.0,-50.08745,-0.01193,135.74846
3.437,326.0,-50.25434,-0.01177,135.69846
3.438,339.0,-50.47894,-0.01132,135.64846
3.439,321.0,-50.66633,-0.01067,135.59846
3.44,322.0,-50.65727,-0.01,135.54846
3.441,326.0,-50.64821,-0.00935,135.49846
3.442,316.0,-50.56238,-0.00877,135.44846
3.443,315.0,-50.2882,-0.00844,135.39846
3.444,322.0,-49.98255,-0.00843,135.34846
3.445,308.0,-49.9382,-0.0085,135.29846
3.446,330.0,-49.81995,-0.00866,135.24846
3.447,328.0,-49.86572,-0.00879,135.19846
3.448,335.0,-49.86429,-0.00893,135.14846
3.449,316.0,-49.72887,-0.00918,135.09846
3.45,324.0,-49.66259,-0.00951,135.04846
3.451,326.0,-49.60585,-0.0099,134.99846
3.452,334.0,-49.61395,-0.0103,134.94846
3.453,329.0,-49.69597,-0.01061,134.89846
3.454,327.0,-49.81375,-0.01081,134.84846
3.455,317.0,-50.10557,-0.01079,134.79846
3.456,321.0,-50.06361,-0.01066,134.74846
3.457,333.0,-50.11559,-0.01056,134.69846
3.458,325.0,-50.25625,-0.01033,134.64846
3.459,323.0,-50.21811,-0.01011,134.59846
3.46,319.0,-50.28534,-0.00983,134.54846
3.461,310.0,-50.18854,-0.00961,134.49846
3.462,311.0,-50.07315,-0.00959,134.44846
3.463,321.0,-49.98112,-0.00954,134.39846
3.464,326.0,-49.9258,-0.00959,134.34846
3.465,325.0,-49.83759,-0.00974,134.29846
3.466,324.0,-49.84474,-0.00993,134.24846
3.467,323.0,-49.77751,-0.01013,134.19846
3.468,331.0,-49.71933,-0.01041,134.14846
3.469,330.0,-49.82138,-0.01061,134.09846
3.47,339.0,-49.86048,-0.01073,134.04846
3.471,333.0,-49.88766,-0.01085,133.99846
3.472,324.0,-49.80803,-0.01094,133.94846
3.473,337.0,-49.81804,-0.01124,133.89846
3.474,335.0,-49.9177,-0.01132,133.84846
3.475,339.0,-49.85571,-0.01144,133.79846
3.476,338.0,-49.83997,-0.01162,133.74846
3.477,319.0,-49.8991,-0.01173,133.69846
3.478,344.0,-49.74413,-0.01194,133.64846
3.479,338.0,-49.78514,-0.01218,133.59846
3.48,332.0,-49.81184,-0.01236,133.54846
3.481,355.0,-49.79658,-0.01258,133.49846
3.482,341.0,-49.83807,-0.01274,133.44846
3.483,343.0,-49.85762,-0.01287,133.39846
3.484,339.0,-49.95823,-0.01301,133.34846
3.485,343.0,-49.81899,-0.01311,133.29846
3.486,343.0,-50.10176,-0.01304,133.24846
3.487,330.0,-50.40455,-0.01262,133.19846
3.488,325.0,-50.61245,-0.01209,133.14846
3.489,322.0,-50.65346,-0.01144,133.09846
3.49,324.0,-50.71688,-0.01072,133.04846
3.491,318.0,-50.51565,-0.01016,132.99846
3.492,322.0,-50.29774,-0.00984,132.94846
3.493,310.0,-50.24862,-0.0096,132.89846
3.494,321.0,-50.1709,-0.00942,132.84846
3.495,315.0,-50.16756,-0.00925,132.79846
3.496,326.0,-50.09127,-0.00915,132.74846
3.497,326.0,-49.94202,-0.00919,132.69846
3.498,315.0,-49.80659,-0.00935,132.64846
3.499,327.0,-49.58916,-0.00974,132.59846
3.5,332.0,-49.48711,-0.01025,132.54846
3.501,333.0,-49.51286,-0.01073,132.49846
3.502,342.0,-49.73602,-0.01104,132.44846
3.503,321.0,-50.13371,-0.01097,132.39846
3.504,327.0,-50.25053,-0.01072,132.34846
3.505,327.0,-50.2491,-0.01046,132.29846
3.506,326.0,-50.23193,-0.01023,132.24846
3.507,327.0,-50.08554,-0.0101,132.19846
3.508,330.0,-49.94965,-0.01008,132.14846
3.509,325.0,-49.87764,-0.01027,132.09846
3.51,338.0,-49.83425,-0.01043,132.04846
3.511,329.0,-49.89862,-0.01055,131.99846
3.512,320.0,-49.88003,-0.01065,131.94846
3.513,338.0,-49.81422,-0.01085,131.89846
3.514,327.0,-49.72982,-0.01111,131.84846
3.515,332.0,-49.69263,-0.01136,131.79846
3.516,335.0,-49.72744,-0.01169,131.74846
3.517,335.0,-49.91817,-0.01179,131.69846
3.518,331.0,-50.06552,-0.01174,131.64846
3.519,331.0,-50.34018,-0.01148,131.59846
3.52,333.0,-50.37975,-0.01106,131.54846
3.521,328.0,-50.51804,-0.01056,131.49846
3.522,314.0,-50.58241,-0.0099,131.44846
3.523,317.0,-50.51899,-0.00944,131.39846
3.524,318.0,-50.24719,-0.00916,131.34846
3.525,305.0,-50.06123,-0.00909,131.29846
3.526,312.0,-49.94488,-0.00912,131.24846
3.527,320.0,-49.94011,-0.0092,131.19846
3.528,321.0,-49.80326,-0.00936,131.14846
3.529,330.0,-49.73221,-0.00963,131.09846
3.53,318.0,-49.81661,-0.00977,131.04846
3.531,324.0,-49.59631,-0.0102,130.99846
3.532,338.0,-49.56102,-0.01063,130.94846
3.533,328.0,-49.66593,-0.01098,130.89846
3.534,334.0,-49.78085,-0.01123,130.84846
3.535,327.0,-50.09842,-0.01123,130.79846
3.536,318.0,-50.12941,-0.01103,130.74846
3.537,319.0,-50.31204,-0.01073,130.69846
3.538,317.0,-50.36354,-0.01032,130.64846
3.539,320.0,-50.22526,-0.01013,130.59846
3.54,326.0,-50.10605,-0.01001,130.54846
3.541,310.0,-50.00448,-0.01,130.49846
3.542,332.0,-49.76988,-0.01018,130.44846
3.543,330.0,-49.71743,-0.01047,130.39846
3.544,348.0,-49.55053,-0.0109,130.34846
3.545,330.0,-49.47186,-0.01142,130.29846
3.546,330.0,-49.5615,-0.01185,130.24846
3.547,338.0,-49.52335,-0.01235,130.19846
3.548,348.0,-49.60775,-0.01276,130.14846
3.549,331.0,-49.89195,-0.01291,130.09846
3.55,335.0,-50.16184,-0.01278,130.04846
3.551,322.0,-50.47989,-0.01238,129.99846
3.552,323.0,-50.49467,-0.01181,129.94846
3.553,329.0,-50.5228,-0.01132,129.89846
3.554,317.0,-50.55189,-0.01075,129.84846
3.555,318.0,-50.45176,-0.01028,129.79846
3.556,324.0,-50.31157,-0.00997,129.74846
3.557,314.0,-50.17042,-0.00978,129.69846
3.558,322.0,-50.05264,-0.00971,129.64846
3.559,324.0,-50.10319,-0.00961,129.59846
3.56,319.0,-49.96347,-0.00962,129.54846
3.561,336.0,-49.7961,-0.00975,129.49846
3.562,327.0,-49.77751,-0.01003,129.44846
3.563,319.0,-49.74079,-0.0103,129.39846
3.564,331.0,-49.74031,-0.01056,129.34846
3.565,325.0,-49.89862,-0.01068,129.29846
3.566,338.0,-50.05169,-0.01064,129.24846
3.567,323.0,-50.26722,-0.01041,129.19846
3.568,325.0,-50.38404,-0.01003,129.14846
3.569,330.0,-50.354,-0.00959,129.09846
3.57,313.0,-50.31157,-0.00935,129.04846
3.571,315.0,-50.11177,-0.00921,128.99846
3.572,320.0,-49.87574,-0.0093,128.94846
3.573,320.0,-49.66736,-0.00962,128.89846
3.574,337.0,-49.60871,-0.01,128.84846
3.575,329.0,-49.61157,-0.01038,128.79846
3.576,332.0,-49.51572,-0.01085,128.74846
3.577,342.0,-49.34025,-0.01149,128.69846
3.578,339.0,-49.30449,-0.01219,128.64846
3.579,347.0,-49.28112,-0.01291,128.59846
3.58,353.0,-49.29686,-0.01363,128.54846
3.581,351.0,-49.4647,-0.01417,128.49846
3.582,350.0,-49.69692,-0.01451,128.44846
3.583,353.0,-50.00067,-0.01455,128.39846
3.584,340.0,-50.14849,-0.01441,128.34846
3.585,343.0,-50.18902,-0.01416,128.29846
3.586,341.0,-50.27342,-0.01396,128.24846
3.587,348.0,-50.22192,-0.01375,128.19846
3.588,348.0,-50.02356,-0.01367,128.14846
3.589,339.0,-49.90911,-0.01377,128.09846
3.59,350.0,-49.90435,-0.01388,128.04846
3.591,345.0,-50.04978,-0.01383,127.99846
3.592,343.0,-50.04454,-0.01378,127.94846
3.593,362.0,-49.85762,-0.01388,127.89846
3.594,346.0,-49.84093,-0.01407,127.84846
3.595,351.0,-49.86811,-0.01421,127.79846
3.596,349.0,-49.97492,-0.01423,127.74846
3.597,347.0,-50.16279,-0.01409,127.69846
3.598,349.0,-50.25578,-0.01386,127.64846
3.599,343.0,-50.46272,-0.01342,127.59846
3.6,327.0,-50.488,-0.01293,127.54846
3.601,339.0,-50.46701,-0.01247,127.49846
3.602,336.0,-50.45319,-0.012,127.44846
3.603,341.0,-50.36831,-0.01162,127.39846
3.604,332.0,-50.21429,-0.01139,127.34846
3.605,329.0,-50.08602,-0.01128,127.29846
3.606,344.0,-50.13895,-0.01117,127.24846
3.607,321.0,-50.33684,-0.01084,127.19846
3.608,339.0,-50.24862,-0.01058,127.14846
3.609,333.0,-49.93963,-0.01054,127.09846
3.61,333.0,-49.72076,-0.01085,127.04846
3.611,348.0,-49.59297,-0.01124,126.99846
3.612,358.0,-49.62969,-0.01162,126.94846
3.613,336.0,-49.84856,-0.0118,126.89846
3.614,336.0,-50.03166,-0.01181,126.84846
3.615,342.0,-50.29297,-0.01154,126.79846
3.616,337.0,-50.48418,-0.01107,126.74846
3.617,332.0,-50.50898,-0.01057,126.69846
3.618,325.0,-50.57573,-0.01,126.64846
3.619,329.0,-50.47894,-0.0095,126.59846
3.62,325.0,-50.29154,-0.00919,126.54846
3.621,317.0,-50.10653,-0.00907,126.49846
3.622,329.0,-49.9053,-0.00914,126.44846
3.623,320.0,-50.05312,-0.00909,126.39846
3.624,320.0,-50.02546,-0.00905,126.34846
3.625,324.0,-49.75033,-0.00928,126.29846
3.626,334.0,-49.60966,-0.00966,126.24846
3.627,340.0,-49.51811,-0.01012,126.19846
3.628,348.0,-49.50476,-0.01063,126.14846
3.629,340.0,-49.62063,-0.01105,126.09846
3.63,359.0,-49.76559,-0.01128,126.04846
3.631,324.0,-50.07887,-0.01124,125.99846
3.632,325.0,-50.16756,-0.01107,125.94846
3.633,335.0,-50.29011,-0.01081,125.89846
3.634,327.0,-50.39072,-0.01041,125.84846
3.635,332.0,-50.25864,-0.01012,125.79846
3.636,331.0,-50.07935,-0.01001,125.74846
3.637,332.0,-50.04692,-0.01003,125.69846
3.638,338.0,-49.83234,-0.01014,125.64846
3.639,340.0,-49.82519,-0.01031,125.59846
3.64,335.0,-49.67117,-0.01061,125.54846
3.641,340.0,-49.56102,-0.01105,125.49846
3.642,331.0,-49.64495,-0.0114,125.44846
3.643,346.0,-49.65067,-0.01175,125.39846
3.644,347.0,-49.73078,-0.01204,125.34846
3.645,337.0,-49.99208,-0.01209,125.29846
3.646,344.0,-50.22049,-0.0119,125.24846
3.647,326.0,-50.44556,-0.01138,125.19846
3.648,329.0,-50.57907,-0.01091,125.14846
3.649,329.0,-50.52757,-0.01037,125.09846
3.65,324.0,-50.48609,-0.00986,125.04846
3.651,325.0,-50.20285,-0.00962,124.99846
3.652,332.0,-49.97778,-0.00963,124.94846
3.653,314.0,-49.95298,-0.00969,124.89846
3.654,339.0,-49.8786,-0.00979,124.84846
3.655,339.0,-49.80707,-0.00987,124.79846
3.656,334.0,-49.66688,-0.01029,124.74846
3.657,341.0,-49.60775,-0.01067,124.69846
3.658,345.0,-49.63398,-0.01104,124.64846
3.659,345.0,-49.57008,-0.01146,124.59846
3.66,344.0,-49.70074,-0.01182,124.54846
3.661,333.0,-49.85952,-0.01196,124.49846
3.662,339.0,-50.08554,-0.0119,124.44846
3.663,332.0,-50.37022,-0.01156,124.39846
3.664,340.0,-50.34494,-0.01121,124.34846
3.665,338.0,-50.24385,-0.01094,124.29846
3.666,335.0,-50.20523,-0.01073,124.24846
3.667,337.0,-49.90292,-0.01077,124.19846
3.668,339.0,-49.7508,-0.01101,124.14846
3.669,335.0,-49.63779,-0.01137,124.09845
3.67,348.0,-49.60012,-0.01177,124.04846
3.671,350.0,-49.67499,-0.01212,123.99846
3.672,350.0,-49.59106,-0.0125,123.94846
3.673,361.0,-49.46947,-0.01302,123.89846
3.674,353.0,-49.69501,-0.01337,123.84845
3.675,345.0,-49.83759,-0.01354,123.79846
3.676,353.0,-50.00687,-0.01355,123.74846
3.677,343.0,-50.23193,-0.01334,123.69846
3.678,343.0,-50.33255,-0.01302,123.64846
3.679,328.0,-50.58527,-0.01238,123.59845
3.68,323.0,-50.8275,-0.01168,123.54846
3.681,327.0,-50.95243,-0.01075,123.49846
3.682,317.0,-50.98152,-0.00975,123.44846
3.683,320.0,-50.77219,-0.00894,123.39846
3.684,313.0,-50.49276,-0.00842,123.34845
3.685,317.0,-50.21906,-0.00817,123.29846
3.686,329.0,-50.06075,-0.00809,123.24846
3.687,321.0,-50.04406,-0.00804,123.19846
3.688,325.0,-49.93439,-0.00811,123.14846
3.689,326.0,-49.71504,-0.00836,123.09845
3.69,321.0,-49.57438,-0.00877,123.04846
3.691,344.0,-49.38936,-0.00935,122.99846
3.692,346.0,-49.51382,-0.00994,122.94846
3.693,335.0,-49.53814,-0.01034,122.89846
3.694,334.0,-49.85857,-0.01051,122.84845
3.695,331.0,-50.22478,-0.01034,122.79846
3.696,324.0,-50.34971,-0.01,122.74846
3.697,331.0,-50.40646,-0.00959,122.69846
3.698,331.0,-50.40359,-0.00918,122.64846
3.699,321.0,-50.25291,-0.00891,122.59845
3.7,321.0,-50.15802,-0.00874,122.54846
3.701,314.0,-50.05932,-0.00867,122.49846
3.702,322.0,-49.87621,-0.00873,122.44846
3.703,336.0,-49.8457,-0.00891,122.39846
3.704,326.0,-49.74985,-0.00917,122.34845
3.705,340.0,-49.51143,-0.00963,122.29846
3.706,337.0,-49.50571,-0.01012,122.24846
3.707,338.0,-49.47901,-0.01063,122.19846
3.708,346.0,-49.46756,-0.01115,122.14846
3.709,333.0,-49.50762,-0.01167,122.09845
3.71,348.0,-49.69692,-0.01199,122.04846
3.711,338.0,-49.93963,-0.0121,121.99846
3.712,348.0,-50.15326,-0.01186,121.94846
3.713,335.0,-50.19236,-0.01178,121.89846
3.714,338.0,-50.21858,-0.01155,121.84845
3.715,339.0,-50.15469,-0.01137,121.79846
3.716,339.0,-50.01497,-0.01136,121.74846
3.717,334.0,-49.88289,-0.01142,121.69846
3.718,344.0,-49.81947,-0.01162,121.64846
3.719,340.0,-49.80612,-0.01182,121.59845
3.72,350.0,-49.69025,-0.01203,121.54846
3.721,358.0,-49.68071,-0.01245,121.49846
3.722,343.0,-49.80803,-0.01265,121.44846
3.723,335.0,-49.90053,-0.01274,121.39846
3.724,350.0,-49.94583,-0.01281,121.34845
3.725,336.0,-49.95489,-0.01286,121.29846
3.726,355.0,-50.09556,-0.01278,121.24846
3.727,343.0,-50.38214,-0.01245,121.19846
3.728,321.0,-50.40836,-0.01194,121.14846
3.729,338.0,-50.2882,-0.01174,121.09845
3.73,334.0,-50.385,-0.01135,121.04846
3.731,342.0,-50.21954,-0.01109,120.99846
3.732,343.0,-49.89529,-0.01117,120.94846
3.733,334.0,-49.79038,-0.01136,120.89846
3.734,351.0,-49.52002,-0.01181,120.84845
3.735,365.0,-49.40844,-0.01239,120.79846
3.736,366.0,-49.42131,-0.01294,120.74846
3.737,376.0,-49.40367,-0.01358,120.69846
3.738,356.0,-49.47042,-0.01412,120.64846
3.739,362.0,-49.51191,-0.0146,120.59845
3.74,366.0,-49.54386,-0.01507,120.54846
3.741,355.0,-49.93868,-0.01527,120.49846
3.742,352.0,-50.15516,-0.01507,120.44846
3.743,343.0,-50.65966,-0.01447,120.39846
3.744,342.0,-50.80605,-0.01355,120.34845
3.745,345.0,-50.74358,-0.01292,120.29846
3.746,332.0,-50.8709,-0.01207,120.24846
3.747,328.0,-50.72069,-0.0113,120.19846
3.748,338.0,-50.51899,-0.01076,120.14846
3.749,326.0,-50.30203,-0.01043,120.09845
3.75,351.0,-50.12417,-0.01029,120.04846
3.751,324.0,-50.01116,-0.01027,119.99846
3.752,356.0,-49.83997,-0.01039,119.94846
3.753,346.0,-49.71647,-0.01068,119.89846
3.754,343.0,-49.86095,-0.01084,119.84845
3.755,356.0,-49.73459,-0.01107,119.79846
3.756,356.0,-49.7303,-0.01137,119.74846
3.757,341.0,-50.07172,-0.01134,119.69846
3.758,344.0,-50.28772,-0.01107,119.64846
3.759,325.0,-50.47369,-0.01062,119.59845
3.76,322.0,-50.62151,-0.01001,119.54846
3.761,330.0,-50.5867,-0.00942,119.49846
3.762,320.0,-50.50993,-0.0089,119.44846
3.763,321.0,-50.42124,-0.00846,119.39846
3.764,324.0,-50.22573,-0.00819,119.34845
3.765,319.0,-50.0865,-0.00813,119.29846
3.766,330.0,-49.95537,-0.00815,119.24846
3.767,329.0,-50.03023,-0.00812,119.19846
3.768,325.0,-49.86429,-0.00823,119.14846
3.769,334.0,-49.70598,-0.00851,119.09845
3.77,328.0,-49.78418,-0.00873,119.04846
3.771,330.0,-49.63923,-0.00906,118.99846
3.772,336.0,-49.66974,-0.00942,118.94846
3.773,319.0,-50.00448,-0.00946,118.89846
3.774,328.0,-50.16851,-0.00931,118.84845
3.775,317.0,-50.40503,-0.00894,118.79846
3.776,309.0,-50.45557,-0.00845,118.74846
3.777,316.0,-50.4446,-0.00803,118.69846
3.778,316.0,-50.49467,-0.00754,118.64846
3.779,314.0,-50.39215,-0.0071,118.59845
3.78,310.0,-50.25673,-0.00686,118.54846
3.781,307.0,-50.14753,-0.00669,118.49846
3.782,319.0,-49.94297,-0.00673,118.44846
3.783,321.0,-49.85285,-0.00686,118.39846
3.784,321.0,-49.67308,-0.00712,118.34845
3.785,334.0,-49.53432,-0.00763,118.29846
3.786,316.0,-49.56102,-0.00807,118.24846
3.787,322.0,-49.53766,-0.00852,118.19846
3.788,336.0,-49.45278,-0.00906,118.14846
3.789,323.0,-49.60203,-0.00949,118.09845
3.79,342.0,-49.79467,-0.00972,118.04846
3.791,319.0,-50.05217,-0.0097,117.99846
3.792,313.0,-50.05407,-0.00956,117.94846
3.793,322.0,-50.10223,-0.00955,117.89846
3.794,315.0,-50.21667,-0.00932,117.84845
3.795,320.0,-50.08268,-0.00922,117.79846
3.796,328.0,-49.93963,-0.00928,117.74846
3.797,315.0,-49.82376,-0.00942,117.69845
3.798,331.0,-49.59106,-0.00981,117.64846
3.799,342.0,-49.52097,-0.01029,117.59845
3.8,336.0,-49.54958,-0.01067,117.54846
3.801,342.0,-49.54624,-0.0112,117.49846
3.802,335.0,-49.57771,-0.01164,117.44845
3.803,338.0,-49.53814,-0.01208,117.39846
3.804,340.0,-49.5863,-0.01252,117.34845
3.805,331.0,-49.78991,-0.01273,117.29846
3.806,346.0,-50.12417,-0.01272,117.24846
3.807,328.0,-50.25148,-0.01244,117.19845
3.808,327.0,-50.45128,-0.01188,117.14846
3.809,335.0,-50.42648,-0.01157,117.09845
3.81,319.0,-50.38261,-0.01116,117.04846
3.811,323.0,-50.12512,-0.011,116.99846
3.812,340.0,-49.84522,-0.01113,116.94845
3.813,338.0,-49.86715,-0.01135,116.89846
3.814,333.0,-49.60299,-0.01164,116.84845
3.815,339.0,-49.70312,-0.01194,116.79846
3.816,346.0,-49.64542,-0.01223,116.74846
3.817,346.0,-49.67499,-0.01263,116.69845
3.818,347.0,-49.83664,-0.0128,116.64846
3.819,340.0,-49.90339,-0.01291,116.59845
3.82,344.0,-49.99685,-0.01301,116.54846
3.821,344.0,-49.86238,-0.01305,116.49846
3.822,354.0,-50.10319,-0.01299,116.44845
3.823,334.0,-50.39263,-0.01257,116.39846
3.824,329.0,-50.44222,-0.01218,116.34845
3.825,339.0,-50.38214,-0.01179,116.29846
3.826,334.0,-50.41504,-0.01138,116.24846
3.827,331.0,-50.18568,-0.01115,116.19845
3.828,334.0,-50.11749,-0.01106,116.14846
3.829,330.0,-49.98636,-0.01105,116.09845
3.83,347.0,-49.9711,-0.01105,116.04846
3.831,338.0,-49.86429,-0.01117,115.99846
3.832,346.0,-49.70455,-0.01146,115.94845
3.833,345.0,-49.66497,-0.0118,115.89846
3.834,334.0,-49.86668,-0.01196,115.84845
3.835,335.0,-49.91484,-0.01203,115.79846
3.836,339.0,-50.11082,-0.01199,115.74846
3.837,328.0,-50.24242,-0.01174,115.69845
3.838,337.0,-50.35591,-0.01139,115.64846
3.839,324.0,-50.58002,-0.01078,115.59845
3.84,310.0,-50.8194,-0.01005,115.54846
3.841,324.0,-50.76504,-0.00928,115.49846
3.842,308.0,-50.69113,-0.00856,115.44845
3.843,318.0,-50.38452,-0.00813,115.39846
3.844,322.0,-50.15564,-0.00804,115.34845
3.845,312.0,-49.80326,-0.00812,115.29846
3.846,336.0,-49.72649,-0.00837,115.24846
3.847,323.0,-49.70884,-0.0086,115.19845
3.848,322.0,-49.62397,-0.00903,115.14846
3.849,342.0,-49.41511,-0.0096,115.09845
3.85,337.0,-49.49236,-0.01011,115.04846
3.851,332.0,-49.64018,-0.0105,114.99846
3.852,333.0,-49.90435,-0.01062,114.94845
3.853,326.0,-50.06409,-0.01058,114.89846
3.854,331.0,-50.15802,-0.01043,114.84845
3.855,318.0,-50.40264,-0.01005,114.79846
3.856,311.0,-50.48323,-0.00959,114.74846
3.857,311.0,-50.5209,-0.00907,114.69845
3.858,302.0,-50.5805,-0.00849,114.64846
3.859,309.0,-50.36545,-0.00808,114.59845
3.86,314.0,-50.27771,-0.0079,114.54846
3.861,303.0,-50.02928,-0.00775,114.49846
3.862,315.0,-49.9239,-0.00781,114.44845
3.863,318.0,-49.80993,-0.00792,114.39846
3.864,323.0,-49.72696,-0.00824,114.34845
3.865,335.0,-49.59965,-0.00864,114.29846
3.866,318.0,-49.62921,-0.00903,114.24846
3.867,323.0,-49.73555,-0.00928,114.19845
3.868,328.0,-49.81995,-0.00958,114.14846
3.869,328.0,-49.66784,-0.00982,114.09845
3.87,335.0,-49.93439,-0.0099,114.04846
3.871,320.0,-50.12846,-0.00981,113.99846
3.872,304.0,-50.15278,-0.00964,113.94845
3.873,319.0,-50.09842,-0.00954,113.89846
3.874,322.0,-50.15135,-0.00939,113.84845
3.875,319.0,-49.94488,-0.0094,113.79846
3.876,326.0,-49.78657,-0.00961,113.74846
3.877,322.0,-49.67594,-0.00991,113.69845
3.878,344.0,-49.52478,-0.01032,113.64846
3.879,338.0,-49.57867,-0.01083,113.59845
3.88,327.0,-49.57056,-0.01123,113.54846
3.881,326.0,-49.4976,-0.01174,113.49846
3.882,331.0,-49.51334,-0.01222,113.44845
3.883,339.0,-49.67594,-0.01265,113.39846
3.884,349.0,-49.62015,-0.01295,113.34845
3.885,338.0,-49.84999,-0.01312,113.29846
3.886,344.0,-50.03834,-0.01301,113.24846
3.887,313.0,-50.32063,-0.01284,113.19845
3.888,326.0,-50.38881,-0.01244,113.14846
3.889,339.0,-50.34924,-0.01209,113.09845
3.89,331.0,-50.39454,-0.01168,113.04846
3.891,329.0,-50.31538,-0.01142,112.99846
3.892,342.0,-49.84522,-0.01146,112.94845
3.893,321.0,-49.92151,-0.01155,112.89846
3.894,344.0,-49.85952,-0.01164,112.84845
3.895,334.0,-49.83234,-0.01184,112.79846
3.896,339.0,-49.76702,-0.01207,112.74996
3.897,350.0,-49.6974,-0.01236,112.70456
3.898,333.0,-49.60203,-0.01275,112.66227
3.899,320.0,-49.72124,-0.0118,112.62309
3.9,261.0,-49.36934,-0.00809,112.58704
3.901,190.0,-48.63596,-0.00197,112.55412
3.902,133.0,-46.88883,0.0056,112.52435
3.903,61.0,-44.30008,0.01383,112.49776
3.904,41.0,-41.00227,0.02197,112.47435
3.905,7.0,-37.36305,0.02963,112.45417
3.906,-36.0,-33.52928,0.03666,112.43725
3.907,-21.0,-29.56438,0.04291,112.42366
3.908,-60.0,-25.48599,0.04834,112.4135
3.909,-69.0,-21.29507,0.05287,112.407
3.91,-80.0,-17.16948,0.05651,112.40646
3.911,-77.0,-13.16214,0.05957,112.40646
3.912,-88.0,-9.29976,0.06237,112.40646
3.913,-147.0,-5.5275,0.06709,112.40646
3.914,-135.0,-1.41191,0.06898,112.40646
3.915,-91.0,1.80531,0.06743,112.40646
3.916,-68.0,2.54202,0.06487,112.40646
3.917,-72.0,2.03228,0.06274,112.40646
3.918,-82.0,1.26314,0.06141,112.40646
3.919,-94.0,0.67711,0.06067,112.40646
3.92,-111.0,0.43011,0.06023,112.40646
3.921,-127.0,0.49543,0.05975,112.40646
3.922,-131.0,0.63896,0.05913,112.40646
3.923,-134.0,0.70667,0.05843,112.40646
3.924,-126.0,0.82445,0.05762,112.40646
3.925,-139.0,0.86403,0.05675,112.40646
3.926,-147.0,0.88024,0.05588,112.40646
3.927,-158.0,0.82731,0.05503,112.40646
3.928,-167.0,0.75483,0.05428,112.40646
3.929,-172.0,0.74816,0.05353,112.40646
3.93,-164.0,0.68998,0.05283,112.40646
3.931,-188.0,0.70381,0.05213,112.40646
3.932,-191.0,0.78678,0.05136,112.40646
3.933,-200.0,0.81873,0.05054,112.40646
3.934,-196.0,0.89073,0.04966,112.40646
3.935,-201.0,0.85068,0.0488,112.40646
3.936,-198.0,0.83065,0.04797,112.40646
3.937,-206.0,0.77105,0.04719,112.40646
3.938,-206.0,0.73624,0.04645,112.40646
3.939,-220.0,0.84257,0.04562,112.40646
3.94,-212.0,0.89073,0.04474,112.40646
3.941,-220.0,1.0705,0.04369,112.40646
3.942,-223.0,1.23835,0.04249,112.40646
3.943,-207.0,1.47057,0.04103,112.40646
3.944,-203.0,1.6284,0.03943,112.40646
3.945,-191.0,1.68848,0.03775,112.40646
3.946,-203.0,1.68705,0.03606,112.40646
3.947,-210.0,1.6818,0.03437,112.40646
3.948,-199.0,1.63317,0.03272,112.40646
3.949,-201.0,1.5645,0.03114,112.40646
3.95,-187.0,1.5049,0.02963,112.40646
3.951,-209.0,1.38521,0.02823,112.40646
3.952,-186.0,1.30558,0.02694,112.40646
3.953,-202.0,1.26696,0.02565,112.40646
3.954,-205.0,1.16873,0.02448,112.40646
3.955,-189.0,1.04713,0.02341,112.40646
3.956,-198.0,0.9923,0.02241,112.40646
3.957,-224.0,0.89455,0.0215,112.40646
3.958,-186.0,0.86355,0.02064,112.40646
3.959,-202.0,0.81968,0.0198,112.40646
3.96,-213.0,0.7782,0.01903,112.40646
3.961,-183.0,0.79679,0.01824,112.40646
3.962,-208.0,0.71669,0.0175,112.40646
3.963,-219.0,0.68426,0.01682,112.40646
3.964,-187.0,0.63181,0.01618,112.40646
3.965,-215.0,0.55075,0.01561,112.40646
3.966,-189.0,0.49877,0.01512,112.40646
3.967,-213.0,0.47112,0.01464,112.40646
3.968,-213.0,0.41342,0.01422,112.40646
3.969,-190.0,0.33712,0.01388,112.40646
3.97,-221.0,0.27895,0.01358,112.40646
3.971,-224.0,0.22697,0.01335,112.40646
3.972,-212.0,0.21172,0.01315,112.40646
3.973,-220.0,0.20218,0.01294,112.40646
3.974,-225.0,0.19741,0.01275,112.40646
3.975,-206.0,0.17929,0.01256,112.40646
3.976,-213.0,0.14734,0.01239,112.40646
3.977,-222.0,0.14114,0.01226,112.40646
3.978,-225.0,0.16022,0.01211,112.40646
3.979,-242.0,0.144,0.01196,112.40646
3.98,-243.0,0.13685,0.01182,112.40646
3.981,-232.0,0.14019,0.01169,112.40646
3.982,-224.0,0.13018,0.01155,112.40646
3.983,-226.0,0.12779,0.01142,112.40646
3.984,-227.0,0.16069,0.01127,112.40646
3.985,-242.0,0.15116,0.01112,112.40646
3.986,-246.0,0.16832,0.01095,112.40646
3.987,-223.0,0.16451,0.01079,112.40646
3.988,-245.0,0.17834,0.01061,112.40646
3.989,-237.0,0.18358,0.01042,112.40646
3.99,-228.0,0.18597,0.01023,112.40646
3.991,-243.0,0.19598,0.01004,112.40646
3.992,-244.0,0.20504,0.00984,112.40646
3.993,-240.0,0.22984,0.00961,112.40646
3.994,-249.0,0.247,0.00937,112.40646
3.995,-244.0,0.2265,0.00914,112.40646
3.996,-232.0,0.22697,0.00891,112.40646
3.997,-230.0,0.25415,0.00866,112.40646
3.998,-253.0,0.27037,0.00838,112.40646
3.999,-233.0,0.27514,0.00812,112.40646
4.0,-247.0,0.26226,0.00786,112.40646
4.001,-244.0,0.27657,0.00759,112.40646
4.002,-235.0,0.25797,0.00732,112.40646
4.003,-241.0,0.24128,0.00707,112.40646
4.004,-249.0,0.25558,0.00681,112.40646
4.005,-228.0,0.24939,0.00657,112.40646
4.006,-238.0,0.21839,0.00635,112.40646
4.007,-241.0,0.18787,0.00616,112.40646
4.008,-252.0,0.16069,0.00599,112.40646
4.009,-232.0,0.1688,0.00583,112.40646
4.01,-252.0,0.13781,0.00568,112.40646
4.011,-253.0,0.10967,0.00557,112.40646
4.012,-232.0,0.11921,0.00546,112.40646
4.013,-258.0,0.12207,0.00533,112.40646
4.014,-245.0,0.11587,0.00522,112.40646
4.015,-239.0,0.11587,0.0051,112.40646
4.016,-255.0,0.09012,0.00501,112.40646
4.017,-251.0,0.09012,0.00491,112.40646
4.018,-254.0,0.08488,0.00482,112.40646
4.019,-224.0,0.09298,0.00474,112.40646
4.02,-258.0,0.07439,0.00466,112.40646
4.021,-258.0,0.09775,0.00456,112.40646
4.022,-237.0,0.09251,0.00447,112.40646
4.023,-257.0,0.09155,0.00438,112.40646
4.024,-260.0,0.09441,0.00429,112.40646
4.025,-251.0,0.08297,0.00421,112.40646
4.026,-246.0,0.08011,0.00413,112.40646
4.027,-253.0,0.06008,0.00405,112.40646
4.028,-260.0,0.08774,0.00397,112.40646
4.029,-255.0,0.07868,0.0039,112.40646
4.03,-246.0,0.07725,0.00383,112.40646
4.031,-257.0,0.06676,0.00376,112.40646
4.032,-261.0,0.09012,0.00367,112.40646
4.033,-260.0,0.09441,0.00357,112.40646
4.034,-264.0,0.0844,0.00348,112.40646
4.035,-266.0,0.06437,0.00341,112.40646
4.036,-245.0,0.06533,0.00336,112.40646
4.037,-249.0,0.07868,0.00328,112.40646
4.038,-242.0,0.08821,0.00319,112.40646
4.039,-255.0,0.07439,0.00311,112.40646
4.04,-262.0,0.07439,0.00304,112.40646
4.041,-271.0,0.09823,0.00294,112.40646
4.042,-266.0,0.07486,0.00286,112.40646
4.043,-255.0,0.07057,0.0028,112.40646
4.044,-255.0,0.07534,0.00272,112.40646
4.045,-240.0,0.08821,0.00264,112.40646
4.046,-263.0,0.06199,0.00256,112.40646
4.047,-245.0,0.06914,0.0025,112.40646
4.048,-258.0,0.06676,0.00243,112.40646
4.049,-280.0,0.07391,0.00236,112.40646
4.05,-257.0,0.06866,0.0023,112.40646
4.051,-253.0,0.07677,0.00221,112.40646
4.052,-257.0,0.07248,0.00214,112.40646
4.053,-263.0,0.07677,0.00206,112.40646
4.054,-247.0,0.06151,0.002,112.40646
4.055,-272.0,0.05531,0.00195,112.40646
4.056,-249.0,0.07439,0.00188,112.40646
4.057,-253.0,0.0782,0.00179,112.40646
4.058,-253.0,0.0639,0.00173,112.40646
4.059,-261.0,0.06008,0.00167,112.40646
4.06,-264.0,0.07582,0.00159,112.40646
4.061,-262.0,0.05674,0.00154,112.40646
4.062,-260.0,0.06294,0.00147,112.40646
4.063,-263.0,0.06294,0.00141,112.40646
4.064,-253.0,0.07582,0.00134,112.40646
4.065,-267.0,0.0577,0.00127,112.40646
4.066,-260.0,0.04816,0.00122,112.40646
4.067,-271.0,0.05436,0.00117,112.40646
4.068,-247.0,0.04625,0.00113,112.40646
4.069,-258.0,0.05627,0.00107,112.40646
4.07,-257.0,0.04625,0.00103,112.40646
4.071,-251.0,0.03242,0.00099,112.40646
4.072,-262.0,0.04244,0.00094,112.40646
4.073,-265.0,0.05007,0.0009,112.40646
4.074,-258.0,0.0515,0.00085,112.40646
4.075,-256.0,0.03099,0.00081,112.40646
4.076,-239.0,0.02337,0.00079,112.40646
4.077,-272.0,0.02718,0.00076,112.40646
4.078,-259.0,0.03719,0.00073,112.40646
4.079,-264.0,0.03719,0.00069,112.40646
4.08,-252.0,0.04816,0.00065,112.40646
4.081,-264.0,0.02003,0.00062,112.40646
4.082,-272.0,0.02193,0.0006,112.40646
4.083,-262.0,0.03719,0.00057,112.40646
4.084,-254.0,0.02909,0.00054,112.40646
4.085,-273.0,0.02098,0.00051,112.40646
4.086,-253.0,0.03242,0.00048,112.40646
4.087,-256.0,0.0453,0.00044,112.40646
4.088,-267.0,0.0267,0.0004,112.40646
4.089,-265.0,0.02098,0.00038,112.40646
4.09,-254.0,0.0267,0.00036,112.40646
4.091,-253.0,0.04816,0.00032,112.40646
4.092,-264.0,0.03433,0.00028,112.40646
4.093,-256.0,0.01955,0.00026,112.40646
4.094,-258.0,0.03147,0.00022,112.40646
4.095,-257.0,0.0329,0.00019,112.40646
4.096,-260.0,0.03386,0.00016,112.40646
4.097,-251.0,0.03433,0.00013,112.40646
4.098,-248.0,0.02956,9.39369e-05,112.40646
4.099,-269.0,0.02623,6.81877e-05,112.40646
4.1,-254.0,0.02575,4.29153e-05,112.40646
4.101,-267.0,0.03242,1.14441e-05,112.40646
4.102,-258.0,0.03815,-2.09808e-05,112.40646
4.103,-254.0,0.03338,-6.24657e-05,112.40646
4.104,-259.0,0.03099,-9.01222e-05,112.40646
4.105,-243.0,0.0267,-0.00012,112.40646
4.106,-253.0,0.01383,-0.00013,112.40646
4.107,-260.0,0.02813,-0.00016,112.40646
4.108,-255.0,0.03576,-0.0002,112.40646
4.109,-246.0,0.02575,-0.00022,112.40646
4.11,-256.0,0.01764,-0.00024,112.40646
4.111,-253.0,0.00906,-0.00025,112.40646
4.112,-258.0,0.02098,-0.00027,112.40646
4.113,-261.0,0.02575,-0.00029,112.40646
4.114,-247.0,0.01764,-0.00031,112.40646
4.115,-259.0,0.00811,-0.00032,112.40646
4.116,-262.0,0.0205,-0.00034,112.40646
4.117,-256.0,0.0248,-0.00036,112.40646
4.118,-242.0,0.01574,-0.00038,112.40646
4.119,-249.0,0.00954,-0.00039,112.40646
4.12,-262.0,0.0186,-0.00042,112.40646
4.121,-262.0,0.00763,-0.00042,112.40646
4.122,-245.0,0.01335,-0.00043,112.40646
4.123,-257.0,0.00668,-0.00044,112.40646
4.124,-249.0,0.01812,-0.00045,112.40646
4.125,-256.0,0.01669,-0.00048,112.40646
4.126,-240.0,0.0062,-0.00048,112.40646
4.127,-265.0,0.01431,-0.0005,112.40646
4.128,-253.0,0.00763,-0.0005,112.40646
4.129,-258.0,0.02193,-0.00052,112.40646
4.13,-253.0,0.01287,-0.00054,112.40646
4.131,-254.0,0.00048,-0.00053,112.40646
4.132,-262.0,0.02575,-0.00056,112.40646
4.133,-257.0,0.0205,-0.00058,112.40646
4.134,-243.0,0.00572,-0.00059,112.40646
4.135,-246.0,0.01574,-0.00061,112.40646
4.136,-243.0,0.00238,-0.00061,112.40646
4.137,-243.0,0.02098,-0.00062,112.40646
4.138,-258.0,0.00238,-0.00064,112.40646
4.139,-255.0,0.00954,-0.00064,112.40646
4.14,-232.0,0.01383,-0.00065,112.40646
4.141,-246.0,-0.00429,-0.00065,112.40646
4.142,-258.0,0.04196,-0.00068,112.40646
4.143,-245.0,0.00477,-0.0007,112.40646
4.144,-254.0,-0.01144,-0.00069,112.40646
4.145,-240.0,0.03719,-0.00072,112.40646
4.146,-251.0,0.00811,-0.00073,112.40646
4.147,-245.0,-0.00525,-0.00072,112.40646
4.148,-251.0,0.01383,-0.00074,112.40646
4.149,-247.0,0.00668,-0.00075,112.40646
4.15,-240.0,0.00954,-0.00076,112.40646
4.151,-248.0,0.00429,-0.00076,112.40646
4.152,-251.0,0.01478,-0.00077,112.40646
4.153,-243.0,0.01907,-0.00079,112.40646
4.154,-244.0,0.00572,-0.00079,112.40646
4.155,-251.0,0.01669,-0.00082,112.40646
4.156,-244.0,-0.00381,-0.00082,112.40646
4.157,-242.0,0.00572,-0.00082,112.40646
4.158,-255.0,0.00238,-0.00082,112.40646
4.159,-249.0,0.01287,-0.00082,112.40646
4.16,-245.0,0.00811,-0.00084,112.40646
4.161,-257.0,0.00095,-0.00084,112.40646
4.162,-242.0,0.01144,-0.00085,112.40646
4.163,-257.0,0.0062,-0.00086,112.40646
4.164,-249.0,0.01001,-0.00087,112.40646
4.165,-251.0,0.00143,-0.00087,112.40646
4.166,-262.0,0.0,-0.00087,112.40646
4.167,-254.0,0.00811,-0.00088,112.40646
4.168,-239.0,0.02289,-0.0009,112.40646
4.169,-245.0,-0.01335,-0.0009,112.40646
4.17,-252.0,0.00238,-0.0009,112.40646
4.171,-238.0,0.02909,-0.00092,112.40646
4.172,-250.0,-0.00381,-0.00093,112.40646
4.173,-253.0,0.00477,-0.00091,112.40646
4.174,-240.0,0.01574,-0.00093,112.40646
4.175,-247.0,-0.00715,-0.00093,112.40646
4.176,-252.0,-0.00429,-0.00093,112.40646
4.177,-248.0,0.0186,-0.00095,112.40646
4.178,-237.0,0.00429,-0.00095,112.40646
4.179,-248.0,-0.00191,-0.00095,112.40646
4.18,-243.0,0.01001,-0.00095,112.40646
4.181,-246.0,-0.00143,-0.00096,112.40646
4.182,-246.0,0.00381,-0.00096,112.40646
4.183,-250.0,0.0,-0.00096,112.40646
4.184,-249.0,-0.00048,-0.00095,112.40646
4.185,-244.0,0.02146,-0.00098,112.40646
4.186,-222.0,-0.01717,-0.00097,112.40646
4.187,-230.0,-0.00668,-0.00096,112.40646
4.188,-253.0,0.02956,-0.00099,112.40646
4.189,-234.0,-0.0062,-0.00099,112.40646
4.19,-235.0,0.00525,-0.00099,112.40646
4.191,-247.0,0.00334,-0.00098,112.40646
4.192,-224.0,0.00191,-0.00098,112.40646
4.193,-239.0,0.00572,-0.001,112.40646
4.194,-244.0,0.00191,-0.00101,112.40646
4.195,-229.0,-0.00286,-0.001,112.40646
4.196,-244.0,0.00381,-0.001,112.40646
4.197,-239.0,-0.00191,-0.00099,112.40646
4.198,-239.0,0.03052,-0.00102,112.40646
4.199,-240.0,-0.00858,-0.00103,112.40646
4.2,-235.0,-0.01287,-0.00101,112.40646
4.201,-229.0,0.01478,-0.00102,112.40646
4.202,-251.0,-0.01097,-0.00102,112.40646
4.203,-252.0,0.01383,-0.00103,112.40646
4.204,-250.0,-0.00238,-0.00102,112.40646
4.205,-246.0,-0.00572,-0.00101,112.40646
4.206,-247.0,0.02909,-0.00103,112.40646
4.207,-235.0,-0.01287,-0.00103,112.40646
4.208,-248.0,0.00906,-0.00104,112.40646
4.209,-231.0,-0.00572,-0.00103,112.40646
4.21,-246.0,0.00429,-0.00104,112.40646
4.211,-242.0,-0.00858,-0.00104,112.40646
4.212,-230.0,-0.01144,-0.00102,112.40646
4.213,-239.0,0.04196,-0.00106,112.40646
4.214,-238.0,-0.02384,-0.00104,112.40646
4.215,-231.0,0.01383,-0.00104,112.40646
4.216,-243.0,0.01144,-0.00107,112.40646
4.217,-255.0,-0.02146,-0.00105,112.40646
4.218,-249.0,0.01574,-0.00106,112.40646
4.219,-247.0,-0.00381,-0.00104,112.40646
4.22,-243.0,0.02098,-0.00106,112.40646
4.221,-249.0,-0.01287,-0.00106,112.40646
4.222,-245.0,-0.01192,-0.00106,112.40646
4.223,-248.0,0.02146,-0.00108,112.40646
4.224,-238.0,-0.01907,-0.00105,112.40646
4.225,-235.0,0.01335,-0.00106,112.40646
4.226,-244.0,0.00381,-0.00106,112.40646
4.227,-237.0,-0.00858,-0.00105,112.40646
4.228,-236.0,0.01526,-0.00108,112.40646
4.229,-242.0,-0.01335,-0.00107,112.40646
4.23,-240.0,0.00715,-0.00107,112.40646
4.231,-235.0,-0.00334,-0.00107,112.40646
4.232,-238.0,-0.00334,-0.00106,112.40646
4.233,-224.0,0.01431,-0.00107,112.40646
4.234,-232.0,-0.01335,-0.00107,112.40646
4.235,-246.0,-0.01001,-0.00106,112.40646
4.236,-242.0,0.03195,-0.00108,112.40646
4.237,-231.0,-0.00525,-0.00108,112.40646
4.238,-227.0,-0.01431,-0.00106,112.40646
4.239,-231.0,0.01574,-0.00108,112.40646
4.24,-241.0,-0.02289,-0.00108,112.40646
4.241,-245.0,0.00334,-0.00107,112.40646
4.242,-235.0,0.00477,-0.00106,112.40646
4.243,-208.0,0.00429,-0.00106,112.40646
4.244,-231.0,0.00811,-0.00108,112.40646
4.245,-237.0,-0.00095,-0.00108,112.40646
4.246,-217.0,-0.01097,-0.00108,112.40646
4.247,-224.0,0.0,-0.00108,112.40646
4.248,-238.0,-0.00572,-0.00107,112.40646
4.249,-238.0,0.01335,-0.00107,112.40646
4.25,-218.0,0.01144,-0.00108,112.40646
4.251,-237.0,-0.01812,-0.00107,112.40646
4.252,-244.0,-0.00238,-0.00107,112.40646
4.253,-227.0,0.0124,-0.00108,112.40646
4.254,-226.0,0.00572,-0.00109,112.40646
4.255,-221.0,-0.02241,-0.00107,112.40646
4.256,-237.0,-0.00811,-0.00106,112.40646
4.257,-238.0,0.03195,-0.00108,112.40646
4.258,-244.0,-0.00191,-0.00108,112.40646
4.259,-240.0,-0.00191,-0.00107,112.40646
4.26,-232.0,-0.00286,-0.00107,112.40646
4.261,-230.0,0.00668,-0.00109,112.40646
4.262,-225.0,-0.02241,-0.00108,112.40646
4.263,-230.0,0.00191,-0.00107,112.40646
4.264,-239.0,0.01001,-0.00108,112.40646
4.265,-238.0,-0.00858,-0.00105,112.40646
4.266,-233.0,0.02146,-0.00108,112.40646
4.267,-231.0,0.00238,-0.00109,112.40646
4.268,-237.0,-0.0267,-0.00108,112.40646
4.269,-220.0,0.00429,-0.00108,112.40646
4.27,-232.0,-0.01097,-0.00106,112.40646
4.271,-209.0,0.01955,-0.00106,112.40646
4.272,-224.0,-0.01335,-0.00106,112.40646
4.273,-226.0,0.02241,-0.00108,112.40646
4.274,-238.0,-0.00429,-0.00109,112.40646
4.275,-230.0,-0.02766,-0.00106,112.40646
4.276,-208.0,0.02766,-0.00108,112.40646
4.277,-224.0,-0.01526,-0.00107,112.40646
4.278,-225.0,0.00477,-0.00107,112.40646
4.279,-225.0,0.0062,-0.00108,112.40646
4.28,-231.0,0.0062,-0.00109,112.40646
4.281,-220.0,-0.01431,-0.00107,112.40646
4.282,-232.0,-0.00715,-0.00106,112.40646
4.283,-220.0,0.01764,-0.00107,112.40646
4.284,-234.0,-0.00143,-0.00107,112.40646
4.285,-225.0,0.00143,-0.00108,112.40646
4.286,-235.0,-0.01478,-0.00107,112.40646
4.287,-219.0,0.0062,-0.00108,112.40646
4.288,-229.0,-0.00906,-0.00107,112.40646
4.289,-209.0,-0.00286,-0.00105,112.40646
4.29,-235.0,0.02623,-0.00108,112.40646
4.291,-224.0,-0.02146,-0.00108,112.40646
4.292,-231.0,-0.00572,-0.00107,112.40646
4.293,-227.0,0.00954,-0.00106,112.40646
4.294,-203.0,0.00048,-0.00107,112.40646
4.295,-224.0,-0.02289,-0.00106,112.40646
4.296,-233.0,0.02146,-0.00107,112.40646
4.297,-211.0,-0.0062,-0.00106,112.40646
4.298,-226.0,-0.01478,-0.00105,112.40646
4.299,-235.0,0.01907,-0.00105,112.40646
4.3,-217.0,0.01192,-0.00107,112.40646
4.301,-226.0,-0.0329,-0.00105,112.40646
4.302,-229.0,0.01574,-0.00106,112.40646
4.303,-230.0,-0.00381,-0.00106,112.40646
4.304,-225.0,-0.00286,-0.00105,112.40646
4.305,-227.0,0.01431,-0.00106,112.40646
4.306,-215.0,0.00668,-0.00107,112.40646
4.307,-218.0,-0.01955,-0.00107,112.40646
4.308,-199.0,0.00381,-0.00106,112.40646
4.309,-227.0,0.00668,-0.00107,112.40646
4.31,-220.0,-0.01144,-0.00106,112.40646
4.311,-218.0,0.00429,-0.00105,112.40646
4.312,-231.0,-0.00143,-0.00106,112.40646
4.313,-229.0,0.00286,-0.00106,112.40646
4.314,-218.0,-0.01526,-0.00104,112.40646
4.315,-218.0,0.02289,-0.00105,112.40646
4.316,-215.0,-0.00811,-0.00107,112.40646
4.317,-224.0,-0.01621,-0.00105,112.40646
4.318,-206.0,0.01621,-0.00105,112.40646
4.319,-212.0,-0.00334,-0.00105,112.40646
4.32,-225.0,-0.00095,-0.00107,112.40646
4.321,-225.0,-0.00286,-0.00105,112.40646
4.322,-198.0,0.00763,-0.00105,112.40646
4.323,-219.0,-0.00811,-0.00105,112.40646
4.324,-220.0,-0.00191,-0.00105,112.40646
4.325,-209.0,-0.00334,-0.00105,112.40646
4.326,-219.0,0.01144,-0.00106,112.40646
4.327,-226.0,-0.00811,-0.00105,112.40646
4.328,-236.0,-0.00477,-0.00105,112.40646
4.329,-218.0,0.00668,-0.00105,112.40646
4.33,-206.0,-0.00095,-0.00105,112.40646
4.331,-221.0,-0.00763,-0.00105,112.40646
4.332,-225.0,0.00858,-0.00105,112.40646
4.333,-220.0,-0.00095,-0.00105,112.40646
4.334,-217.0,-0.01001,-0.00104,112.40646
4.335,-199.0,0.02098,-0.00105,112.40646
4.336,-230.0,-0.01669,-0.00105,112.40646
4.337,-191.0,0.00572,-0.00104,112.40646
4.338,-217.0,-0.00334,-0.00105,112.40646
4.339,-215.0,-0.00572,-0.00104,112.40646
4.34,-203.0,-0.00334,-0.00104,112.40646
4.341,-218.0,-0.00906,-0.00104,112.40646
4.342,-207.0,0.02146,-0.00105,112.40646
4.343,-221.0,-0.02098,-0.00103,112.40646
4.344,-215.0,0.00906,-0.00103,112.40646
4.345,-205.0,0.00381,-0.00105,112.40646
4.346,-226.0,-0.01335,-0.00103,112.40646
4.347,-199.0,0.01049,-0.00102,112.40646
4.348,-209.0,0.00811,-0.00105,112.40646
4.349,-219.0,-0.01335,-0.00104,112.40646
4.35,-221.0,-0.00525,-0.00104,112.40646
4.351,-200.0,-0.01049,-0.00101,112.40646
4.352,-221.0,0.01192,-0.00103,112.40646
4.353,-194.0,-0.01144,-0.00102,112.40646
4.354,-224.0,0.00525,-0.00103,112.40646
4.355,-211.0,0.00763,-0.00102,112.40646
4.356,-213.0,-0.00286,-0.00102,112.40646
4.357,-223.0,0.00095,-0.00103,112.40646
4.358,-211.0,-0.01097,-0.00102,112.40646
4.359,-220.0,0.00429,-0.00103,112.40646
4.36,-217.0,0.00429,-0.00103,112.40646
4.361,-195.0,-0.00429,-0.00102,112.40646
4.362,-220.0,-0.00286,-0.00103,112.40646
4.363,-203.0,0.01144,-0.00103,112.40646
4.364,-205.0,-0.01097,-0.00102,112.40646
4.365,-217.0,-0.01001,-0.00101,112.40646
4.366,-208.0,0.03338,-0.00104,112.40646
4.367,-212.0,-0.03147,-0.00102,112.40646
4.368,-217.0,-0.00477,-0.00101,112.40646
4.369,-221.0,0.02813,-0.00103,112.40646
4.37,-203.0,-0.01669,-0.00102,112.40646
4.371,-210.0,0.00238,-0.00103,112.40646
4.372,-203.0,-0.00572,-0.00101,112.40646
4.373,-219.0,0.0,-0.00101,112.40646
4.374,-197.0,0.01192,-0.00101,112.40646
4.375,-211.0,-0.00906,-0.00103,112.40646
4.376,-215.0,0.00095,-0.00102,112.40646
4.377,-214.0,0.00381,-0.00103,112.40646
4.378,-193.0,-0.00858,-0.00101,112.40646
4.379,-207.0,0.00763,-0.00102,112.40646
4.38,-198.0,0.00191,-0.00102,112.40646
4.381,-202.0,-0.01287,-0.00103,112.40646
4.382,-209.0,-0.00858,-0.00102,112.40646
4.383,-213.0,0.01764,-0.00103,112.40646
4.384,-217.0,-0.01335,-0.001,112.40646
4.385,-208.0,0.01335,-0.00101,112.40646
4.386,-192.0,0.00668,-0.00103,112.40646
4.387,-216.0,-0.03433,-0.001,112.40646
4.388,-219.0,0.03529,-0.00103,112.40646
4.389,-204.0,-0.03147,-0.001,112.40646
4.39,-213.0,0.00715,-0.00099,112.40646
4.391,-197.0,0.02289,-0.00103,112.40646
4.392,-196.0,-0.0248,-0.00101,112.40646
4.393,-189.0,-0.00143,-0.00101,112.40646
4.394,-196.0,0.00811,-0.00102,112.40646
4.395,-208.0,-0.0205,-0.001,112.40646
4.396,-192.0,0.0267,-0.001,112.40646
4.397,-206.0,-0.00238,-0.00102,112.40646
4.398,-201.0,-0.02432,-0.00099,112.40646
4.399,-195.0,0.02623,-0.00101,112.40646
4.4,-215.0,-0.0186,-0.001,112.40646
4.401,-207.0,0.00477,-0.001,112.40646
4.402,-194.0,0.00811,-0.001,112.40646
4.403,-217.0,-0.00954,-0.00101,112.40646
4.404,-212.0,-0.00525,-0.00099,112.40646
4.405,-205.0,0.01001,-0.001,112.40646
4.406,-202.0,-0.00572,-0.00101,112.40646
4.407,-203.0,-0.01764,-0.00099,112.40646
4.408,-197.0,0.02527,-0.001,112.40646
4.409,-207.0,-0.01287,-0.00099,112.40646
4.41,-210.0,0.00668,-0.00099,112.40646
4.411,-185.0,0.00906,-0.00101,112.40646
4.412,-202.0,-0.01431,-0.001,112.40646
4.413,-212.0,0.00095,-0.001,112.40646
4.414,-192.0,-0.00429,-0.00099,112.40646
4.415,-211.0,-0.02098,-0.00097,112.40646
4.416,-214.0,0.03052,-0.00099,112.40646
4.417,-188.0,-0.00191,-0.00099,112.40646
4.418,-197.0,-0.01812,-0.00098,112.40646
4.419,-201.0,0.01192,-0.001,112.40646
4.42,-209.0,-0.00954,-0.001,112.40646
4.421,-188.0,0.00429,-0.00098,112.40646
4.422,-216.0,0.00048,-0.00099,112.40646
4.423,-188.0,0.00954,-0.00098,112.40646
4.424,-201.0,-0.0124,-0.00099,112.40646
4.425,-211.0,0.00334,-0.00099,112.40646
4.426,-183.0,-0.01574,-0.00098,112.40646
4.427,-201.0,0.01669,-0.00099,112.40646
4.428,-210.0,-0.01097,-0.00099,112.40646
4.429,-198.0,-0.01001,-0.00096,112.40646
4.43,-213.0,0.0205,-0.00098,112.40646
4.431,-193.0,-0.00048,-0.00097,112.40646
4.432,-187.0,-0.00668,-0.00099,112.40646
4.433,-208.0,-0.01049,-0.00098,112.40646
4.434,-213.0,-0.00143,-0.00098,112.40646
4.435,-188.0,0.01526,-0.00097,112.40646
4.436,-201.0,-0.01049,-0.00097,112.40646
4.437,-215.0,0.01907,-0.00099,112.40646
4.438,-185.0,-0.00858,-0.00099,112.40646
4.439,-222.0,-0.02956,-0.00097,112.40646
4.44,-214.0,0.01431,-0.00097,112.40646
4.441,-183.0,0.00668,-0.00097,112.40646
4.442,-199.0,0.0062,-0.00097,112.40646
4.443,-201.0,-0.00858,-0.00098,112.40646
4.444,-194.0,-0.01526,-0.00097,112.40646
4.445,-213.0,0.02003,-0.00098,112.40646
4.446,-190.0,0.00095,-0.00098,112.40646
4.447,-206.0,-0.00811,-0.00097,112.40646
4.448,-190.0,0.00381,-0.00097,112.40646
4.449,-194.0,-0.00286,-0.00098,112.40646
4.45,-206.0,-0.01526,-0.00097,112.40646
4.451,-185.0,0.01812,-0.00097,112.40646
4.452,-176.0,-0.00143,-0.00097,112.40646
4.453,-209.0,-0.00954,-0.00096,112.40646
4.454,-200.0,0.00525,-0.00097,112.40646
4.455,-183.0,-0.01717,-0.00095,112.40646
4.456,-199.0,0.00668,-0.00097,112.40646
4.457,-199.0,0.00763,-0.00097,112.40646
4.458,-182.0,-0.0062,-0.00096,112.40646
4.459,-205.0,0.00477,-0.00096,112.40646
4.46,-199.0,-0.00858,-0.00096,112.40646
4.461,-214.0,0.01001,-0.00096,112.40646
4.462,-177.0,-0.00715,-0.00095,112.40646
4.463,-208.0,-0.00238,-0.00097,112.40646
4.464,-202.0,-0.0062,-0.00096,112.40646
4.465,-177.0,-0.00048,-0.00095,112.40646
4.466,-204.0,0.00477,-0.00096,112.40646
4.467,-197.0,-0.00429,-0.00095,112.40646
4.468,-188.0,0.00143,-0.00094,112.40646
4.469,-196.0,0.01287,-0.00096,112.40646
4.47,-193.0,-0.01192,-0.00095,112.40646
4.471,-184.0,-0.01335,-0.00094,112.40646
4.472,-192.0,0.01287,-0.00097,112.40646
4.473,-202.0,-0.02003,-0.00094,112.40646
4.474,-203.0,0.01383,-0.00094,112.40646
4.475,-176.0,0.02337,-0.00095,112.40646
4.476,-208.0,-0.02289,-0.00095,112.40646
4.477,-193.0,-0.00048,-0.00095,112.40646
4.478,-196.0,0.00525,-0.00097,112.40646
4.479,-180.0,-0.02766,-0.00093,112.40646
4.48,-212.0,0.01383,-0.00094,112.40646
4.481,-182.0,0.01383,-0.00094,112.40646
4.482,-185.0,0.00095,-0.00094,112.40646
4.483,-176.0,-0.01144,-0.00094,112.40646
4.484,-191.0,0.01144,-0.00097,112.40646
4.485,-187.0,-0.02384,-0.00094,112.40646
4.486,-194.0,-0.00143,-0.00093,112.40646
4.487,-205.0,0.01764,-0.00094,112.40646
4.488,-171.0,-0.00763,-0.00093,112.40646
4.489,-183.0,-0.00191,-0.00094,112.40646
4.49,-198.0,-0.00811,-0.00093,112.40646
4.491,-180.0,0.00763,-0.00094,112.40646
4.492,-198.0,-0.01955,-0.00093,112.40646
4.493,-212.0,0.01907,-0.00093,112.40646
4.494,-186.0,0.00143,-0.00093,112.40646
4.495,-188.0,-0.00238,-0.00093,112.40646
4.496,-197.0,0.01287,-0.00094,112.40646
4.497,-179.0,-0.02146,-0.00093,112.40646
4.498,-191.0,0.00477,-0.00094,112.40646
4.499,-204.0,-0.00477,-0.00093,112.40646
4.5,-176.0,-0.00286,-0.00092,112.40646
4.501,-190.0,0.00572,-0.00093,112.40646
4.502,-185.0,0.00668,-0.00092,112.40646
4.503,-198.0,-0.00477,-0.00093,112.40646
4.504,-192.0,-0.00429,-0.00093,112.40646
4.505,-188.0,-0.00143,-0.00092,112.40646
4.506,-186.0,0.01049,-0.00093,112.40646
4.507,-170.0,-0.01192,-0.00092,112.40646
4.508,-183.0,0.0062,-0.00094,112.40646
4.509,-183.0,-0.02241,-0.00092,112.40646
4.51,-194.0,0.00763,-0.00092,112.40646
4.511,-174.0,0.01574,-0.00092,112.40646
4.512,-173.0,-0.0186,-0.0009,112.40646
4.513,-189.0,0.01192,-0.00093,112.40646
4.514,-173.0,-0.00906,-0.00093,112.40646
4.515,-201.0,-0.01192,-0.00091,112.40646
4.516,-175.0,0.02337,-0.00091,112.40646
4.517,-194.0,-0.00906,-0.00091,112.40646
4.518,-188.0,-0.00238,-0.00091,112.40646
4.519,-186.0,-0.00381,-0.00092,112.40646
4.52,-176.0,-0.00238,-0.00091,112.40646
4.521,-204.0,0.00715,-0.00093,112.40646
4.522,-170.0,-0.01907,-0.0009,112.40646
4.523,-188.0,0.0186,-0.0009,112.40646
4.524,-175.0,0.00381,-0.00091,112.40646
4.525,-188.0,-0.01717,-0.0009,112.40646
4.526,-187.0,0.01431,-0.00092,112.40646
4.527,-176.0,-0.02241,-0.00091,112.40646
4.528,-187.0,0.00572,-0.0009,112.40646
4.529,-187.0,0.0186,-0.00091,112.40646
4.53,-183.0,-0.01812,-0.00091,112.40646
4.531,-200.0,-0.00525,-0.0009,112.40646
4.532,-178.0,0.0186,-0.00091,112.40646
4.533,-178.0,-0.00334,-0.0009,112.40646
4.534,-205.0,0.00238,-0.0009,112.40646
4.535,-177.0,-0.00143,-0.00091,112.40646
4.536,-200.0,-0.02003,-0.0009,112.40646
4.537,-179.0,0.01049,-0.00089,112.40646
4.538,-171.0,0.00572,-0.0009,112.40646
4.539,-196.0,-0.00668,-0.0009,112.40646
4.54,-166.0,-0.00525,-0.0009,112.40646
4.541,-170.0,-0.00763,-0.00089,112.40646
4.542,-182.0,0.00906,-0.0009,112.40646
4.543,-169.0,0.00429,-0.0009,112.40646
4.544,-174.0,-0.00954,-0.00088,112.40646
4.545,-194.0,0.01001,-0.00091,112.40646
4.546,-170.0,-0.00286,-0.0009,112.40646
4.547,-191.0,-0.01478,-0.00088,112.40646
4.548,-172.0,0.02718,-0.0009,112.40646
4.549,-180.0,-0.01955,-0.0009,112.40646
4.55,-182.0,-0.01144,-0.00089,112.40646
4.551,-188.0,-0.00525,-0.00088,112.40646
4.552,-179.0,0.01717,-0.00089,112.40646
4.553,-181.0,0.00477,-0.00088,112.40646
4.554,-180.0,0.00381,-0.0009,112.40646
4.555,-168.0,-0.01764,-0.00089,112.40646
4.556,-182.0,0.00143,-0.0009,112.40646
4.557,-179.0,-0.00715,-0.00087,112.40646
4.558,-193.0,0.02623,-0.00089,112.40646
4.559,-170.0,-0.01192,-0.00088,112.40646
4.56,-174.0,-0.00954,-0.00088,112.40646
4.561,-187.0,0.00381,-0.0009,112.40646
4.562,-160.0,-0.02003,-0.00086,112.40646
4.563,-172.0,0.02098,-0.00088,112.40646
4.564,-175.0,-0.00429,-0.00088,112.40646
4.565,-186.0,-0.01144,-0.00087,112.40646
4.566,-171.0,0.01478,-0.00088,112.40646
4.567,-199.0,-0.01955,-0.00088,112.40646
4.568,-172.0,0.00954,-0.00088,112.40646
4.569,-185.0,-0.01335,-0.00085,112.40646
4.57,-178.0,0.03052,-0.00087,112.40646
4.571,-179.0,-0.01192,-0.00088,112.40646
4.572,-171.0,-0.01526,-0.00088,112.40646
4.573,-174.0,0.00477,-0.00088,112.40646
4.574,-188.0,0.00238,-0.00088,112.40646
4.575,-188.0,-0.00095,-0.00087,112.40646
4.576,-171.0,0.00477,-0.00087,112.40646
4.577,-167.0,-0.01717,-0.00085,112.40646
4.578,-188.0,0.02241,-0.00089,112.40646
4.579,-182.0,-0.03242,-0.00086,112.40646
4.58,-167.0,0.0248,-0.00086,112.40646
4.581,-167.0,-0.00763,-0.00086,112.40646
4.582,-197.0,0.0,-0.00088,112.40646
4.583,-182.0,-0.01812,-0.00086,112.40646
4.584,-173.0,0.01287,-0.00085,112.40646
4.585,-173.0,0.01621,-0.00087,112.40646
4.586,-175.0,-0.0186,-0.00086,112.40646
4.587,-188.0,0.00715,-0.00087,112.40646
4.588,-177.0,-0.00858,-0.00087,112.40646
4.589,-162.0,0.00381,-0.00085,112.40646
4.59,-172.0,0.00906,-0.00087,112.40646
4.591,-170.0,-0.01144,-0.00086,112.40646
4.592,-180.0,-0.00048,-0.00087,112.40646
4.593,-169.0,-0.01192,-0.00086,112.40646
4.594,-165.0,0.00334,-0.00084,112.40646
4.595,-185.0,0.01287,-0.00086,112.40646
4.596,-179.0,0.00191,-0.00087,112.40646
4.597,-174.0,-0.01669,-0.00086,112.40646
4.598,-177.0,-0.00334,-0.00084,112.40646
4.599,-184.0,0.0186,-0.00085,112.40646
4.6,-166.0,-0.00477,-0.00085,112.40646
4.601,-177.0,-0.00906,-0.00085,112.40646
4.602,-181.0,0.00954,-0.00086,112.40646
4.603,-165.0,-0.02623,-0.00085,112.40646
4.604,-184.0,-0.00191,-0.00084,112.40646
4.605,-171.0,0.03147,-0.00085,112.40646
4.606,-164.0,-0.02861,-0.00082,112.40646
4.607,-172.0,0.00811,-0.00084,112.40646
4.608,-183.0,-0.0062,-0.00084,112.40646
4.609,-168.0,-0.00525,-0.00083,112.40646
4.61,-167.0,0.00763,-0.00083,112.40646
4.611,-176.0,0.00858,-0.00084,112.40646
4.612,-167.0,0.0,-0.00084,112.40646
4.613,-163.0,-0.00286,-0.00085,112.40646
4.614,-178.0,-0.01431,-0.00084,112.40646
4.615,-177.0,0.00143,-0.00082,112.40646
4.616,-165.0,0.01144,-0.00082,112.40646
4.617,-170.0,0.02003,-0.00086,112.40646
4.618,-178.0,-0.0329,-0.00084,112.40646
4.619,-189.0,-0.01144,-0.00082,112.40646
4.62,-160.0,0.04387,-0.00085,112.40646
4.621,-177.0,-0.03767,-0.00083,112.40646
4.622,-163.0,0.00715,-0.00083,112.40646
4.623,-182.0,0.0062,-0.00084,112.40646
4.624,-158.0,-0.01669,-0.00082,112.40646
4.625,-169.0,0.00143,-0.00082,112.40646
4.626,-182.0,0.02527,-0.00084,112.40646
4.627,-161.0,-0.02146,-0.00083,112.40646
4.628,-184.0,-0.00668,-0.00082,112.40646
4.629,-159.0,0.02193,-0.00084,112.40646
4.63,-175.0,-0.02337,-0.00082,112.40646
4.631,-161.0,0.00954,-0.00083,112.40646
4.632,-168.0,-0.01001,-0.00083,112.40646
4.633,-169.0,0.01621,-0.00083,112.40646
4.634,-176.0,-0.01669,-0.00083,112.40646
4.635,-166.0,-0.01431,-0.0008,112.40646
4.636,-166.0,0.03242,-0.00082,112.40646
4.637,-151.0,-0.0248,-0.00081,112.40646
4.638,-171.0,0.00477,-0.00082,112.40646
4.639,-186.0,0.0,-0.00084,112.40646
4.64,-165.0,-0.0186,-0.00079,112.40646
4.641,-173.0,0.03433,-0.00081,112.40646
4.642,-168.0,-0.00668,-0.00082,112.40646
4.643,-176.0,-0.0186,-0.0008,112.40646
4.644,-150.0,0.01764,-0.00083,112.40646
4.645,-173.0,-0.02432,-0.00081,112.40646
4.646,-170.0,0.02241,-0.00083,112.40646
4.647,-158.0,-0.02289,-0.0008,112.40646
4.648,-157.0,0.02432,-0.00082,112.40646
4.649,-170.0,-0.01764,-0.00081,112.40646
4.65,-159.0,0.00906,-0.00081,112.40646
4.651,-165.0,-0.02193,-0.0008,112.40646
4.652,-174.0,0.00477,-0.00079,112.40646
4.653,-172.0,0.00048,-0.0008,112.40646
4.654,-165.0,0.01049,-0.00079,112.40646
4.655,-155.0,0.00572,-0.0008,112.40646
4.656,-170.0,-0.00286,-0.00083,112.40646
4.657,-165.0,-0.02146,-0.0008,112.40646
4.658,-180.0,0.01383,-0.0008,112.40646
4.659,-159.0,-0.00954,-0.00079,112.40646
4.66,-178.0,0.01192,-0.0008,112.40646
4.661,-184.0,0.00048,-0.00081,112.40646
4.662,-173.0,-0.01287,-0.0008,112.40646
4.663,-158.0,0.01192,-0.00079,112.40646
4.664,-177.0,-0.00381,-0.0008,112.40646
4.665,-159.0,0.0062,-0.0008,112.40646
4.666,-157.0,-0.00715,-0.0008,112.40646
4.667,-155.0,0.00191,-0.0008,112.40646
4.668,-166.0,-0.00572,-0.0008,112.40646
4.669,-144.0,-0.00477,-0.00079,112.40646
4.67,-172.0,0.00334,-0.00081,112.40646
4.671,-163.0,-0.0124,-0.00078,112.40646
4.672,-165.0,0.01049,-0.00078,112.40646
4.673,-176.0,0.00191,-0.00079,112.40646
4.674,-165.0,-0.00286,-0.00079,112.40646
4.675,-167.0,0.00525,-0.0008,112.40646
4.676,-178.0,-0.01049,-0.0008,112.40646
4.677,-153.0,-0.01192,-0.00078,112.40646
4.678,-166.0,0.01287,-0.00079,112.40646
4.679,-158.0,0.00143,-0.00079,112.40646
4.68,-156.0,-0.00715,-0.00078,112.40646
4.681,-168.0,0.01478,-0.00079,112.40646
4.682,-163.0,-0.01335,-0.00079,112.40646
4.683,-167.0,0.00906,-0.00079,112.40646
4.684,-174.0,-0.01335,-0.00078,112.40646
4.685,-160.0,0.00429,-0.00078,112.40646
4.686,-165.0,0.01287,-0.0008,112.40646
4.687,-155.0,-0.02337,-0.00077,112.40646
4.688,-163.0,0.00381,-0.00077,112.40646
4.689,-165.0,0.01192,-0.00079,112.40646
4.69,-155.0,-0.0062,-0.00078,112.40646
4.691,-153.0,-0.00095,-0.00079,112.40646
4.692,-148.0,-0.01335,-0.00077,112.40646
4.693,-173.0,0.00477,-0.00077,112.40646
4.694,-155.0,0.0062,-0.00077,112.40646
4.695,-153.0,0.00286,-0.00077,112.40646
4.696,-150.0,-0.00954,-0.00078,112.40646
4.697,-162.0,-0.00143,-0.00079,112.40646
4.698,-162.0,-0.01669,-0.00076,112.40646
4.699,-159.0,0.02003,-0.00077,112.40646
4.7,-164.0,0.00954,-0.00077,112.40646
4.701,-166.0,-0.01574,-0.00077,112.40646
4.702,-142.0,0.00525,-0.00078,112.40646
4.703,-168.0,0.00334,-0.00079,112.40646
4.704,-169.0,-0.01955,-0.00076,112.40646
4.705,-156.0,0.01574,-0.00076,112.40646
4.706,-155.0,0.00858,-0.00077,112.40646
4.707,-157.0,-0.01097,-0.00077,112.40646
4.708,-149.0,-0.00477,-0.00078,112.40646
4.709,-164.0,-0.01907,-0.00077,112.40646
4.71,-156.0,0.00477,-0.00076,112.40646
4.711,-159.0,-0.00858,-0.00074,112.40646
4.712,-168.0,0.01287,-0.00076,112.40646
4.713,-160.0,0.02527,-0.00077,112.40646
4.714,-162.0,-0.01335,-0.00076,112.40646
4.715,-158.0,-0.01621,-0.00074,112.40646
4.716,-146.0,0.01049,-0.00077,112.40646
4.717,-151.0,-0.00906,-0.00077,112.40646
4.718,-154.0,-0.00906,-0.00075,112.40646
4.719,-151.0,0.00572,-0.00075,112.40646
4.72,-172.0,-0.00572,-0.00074,112.40646
4.721,-159.0,0.0062,-0.00074,112.40646
4.722,-161.0,0.01383,-0.00075,112.40646
4.723,-152.0,-0.00048,-0.00076,112.40646
4.724,-153.0,-0.01907,-0.00074,112.40646
4.725,-155.0,0.0124,-0.00076,112.40646
4.726,-160.0,-0.01812,-0.00076,112.40646
4.727,-157.0,-0.00238,-0.00073,112.40646
4.728,-158.0,0.02098,-0.00075,112.40646
4.729,-164.0,-0.00429,-0.00074,112.40646
4.73,-170.0,-0.01001,-0.00075,112.40646
4.731,-154.0,0.0186,-0.00076,112.40646
4.732,-146.0,-0.03052,-0.00073,112.40646
4.733,-154.0,0.01097,-0.00074,112.40646
4.734,-161.0,-0.00238,-0.00074,112.40646
4.735,-164.0,-0.00238,-0.00074,112.40646
4.736,-163.0,0.00238,-0.00074,112.40646
4.737,-162.0,-0.00143,-0.00073,112.40646
4.738,-150.0,0.00429,-0.00074,112.40646
4.739,-168.0,-0.00286,-0.00073,112.40646
4.74,-159.0,-0.00286,-0.00075,112.40646
4.741,-153.0,-0.0205,-0.00072,112.40646
4.742,-155.0,0.02861,-0.00074,112.40646
4.743,-150.0,-0.00763,-0.00074,112.40646
4.744,-149.0,0.00525,-0.00074,112.40646
4.745,-158.0,-0.0062,-0.00074,112.40646
4.746,-152.0,-0.01287,-0.00072,112.40646
4.747,-144.0,0.01097,-0.00074,112.40646
4.748,-161.0,-0.0124,-0.00073,112.40646
4.749,-146.0,0.01574,-0.00073,112.40646
4.75,-148.0,-0.01144,-0.00073,112.40646
4.751,-151.0,-0.00238,-0.00072,112.40646
4.752,-160.0,0.00811,-0.00073,112.40646
4.753,-171.0,-0.00381,-0.00073,112.40646
4.754,-161.0,-0.00238,-0.00074,112.40646
4.755,-155.0,-0.01192,-0.00072,112.40646
4.756,-148.0,0.02766,-0.00072,112.40646
4.757,-145.0,-0.00668,-0.00074,112.40646
4.758,-149.0,-0.03386,-0.00072,112.40646
4.759,-150.0,0.03242,-0.00073,112.40646
4.76,-141.0,-0.01812,-0.00072,112.40646
4.761,-142.0,-0.00048,-0.00071,112.40646
4.762,-146.0,0.00858,-0.00072,112.40646
4.763,-142.0,-0.01192,-0.00072,112.40646
4.764,-158.0,0.01192,-0.00073,112.40646
4.765,-157.0,-0.01144,-0.00072,112.40646
4.766,-145.0,0.00381,-0.00071,112.40646
4.767,-151.0,0.02146,-0.00074,112.40646
4.768,-159.0,-0.04387,-0.00069,112.40646
4.769,-160.0,0.02098,-0.00071,112.40646
4.77,-147.0,0.00381,-0.00072,112.40646
4.771,-159.0,-0.02193,-0.0007,112.40646
4.772,-152.0,0.01574,-0.00071,112.40646
4.773,-144.0,-0.01001,-0.00069,112.40646
4.774,-155.0,0.01431,-0.00071,112.40646
4.775,-165.0,-0.02193,-0.0007,112.40646
4.776,-148.0,0.01192,-0.0007,112.40646
4.777,-148.0,0.00715,-0.00071,112.40646
4.778,-161.0,-0.01717,-0.00069,112.40646
4.779,-141.0,0.02718,-0.00072,112.40646
4.78,-141.0,-0.01621,-0.00072,112.40646
4.781,-162.0,-0.01192,-0.0007,112.40646
4.782,-141.0,0.03004,-0.00072,112.40646
4.783,-143.0,-0.03099,-0.0007,112.40646
4.784,-151.0,0.00811,-0.00071,112.40646
4.785,-142.0,-0.00763,-0.0007,112.40646
4.786,-156.0,-0.00381,-0.00068,112.40646
4.787,-141.0,0.0267,-0.00071,112.40646
4.788,-158.0,-0.02861,-0.00069,112.40646
4.789,-158.0,0.0267,-0.00072,112.40646
4.79,-151.0,-0.02003,-0.00071,112.40646
4.791,-150.0,-0.03386,-0.00066,112.40646
4.792,-144.0,0.04148,-0.00069,112.40646
4.793,-146.0,-0.0062,-0.0007,112.40646
4.794,-168.0,-0.01526,-0.00068,112.40646
4.795,-148.0,0.01717,-0.0007,112.40646
4.796,-158.0,-0.02956,-0.00068,112.40646
4.797,-156.0,0.02241,-0.00069,112.40646
4.798,-143.0,-0.00286,-0.00068,112.40646
4.799,-148.0,-0.01001,-0.00067,112.40646
4.8,-149.0,0.00572,-0.00069,112.40646
4.801,-150.0,-0.00763,-0.00068,112.40646
4.802,-143.0,0.00095,-0.00067,112.40646
4.803,-147.0,0.02003,-0.00069,112.40646
4.804,-136.0,-0.01478,-0.00068,112.40646
4.805,-148.0,-0.00477,-0.00069,112.40646
4.806,-142.0,-0.00191,-0.00069,112.40646
4.807,-150.0,-0.02241,-0.00066,112.40646
4.808,-145.0,0.03529,-0.00069,112.40646
4.809,-149.0,-0.01287,-0.00068,112.40646
4.81,-145.0,0.00715,-0.00067,112.40646
4.811,-149.0,-0.00143,-0.00069,112.40646
4.812,-151.0,-0.00334,-0.00068,112.40646
4.813,-153.0,0.01383,-0.00069,112.40646
4.814,-152.0,-0.02337,-0.00068,112.40646
4.815,-157.0,-0.01097,-0.00066,112.40646
4.816,-158.0,0.02337,-0.00067,112.40646
4.817,-146.0,-0.00811,-0.00066,112.40646
4.818,-153.0,0.01049,-0.00067,112.40646
4.819,-153.0,-0.00477,-0.00069,112.40646
4.82,-146.0,-0.01383,-0.00067,112.40646
4.821,-149.0,0.0062,-0.00067,112.40646
4.822,-152.0,0.00381,-0.00067,112.40646
4.823,-141.0,-0.01669,-0.00066,112.40646
4.824,-136.0,0.01001,-0.00067,112.40646
4.825,-147.0,0.00286,-0.00067,112.40646
4.826,-143.0,-0.01431,-0.00066,112.40646
4.827,-148.0,0.01192,-0.00067,112.40646
4.828,-150.0,0.00095,-0.00067,112.40646
4.829,-138.0,-0.00095,-0.00066,112.40646
4.83,-136.0,0.00286,-0.00067,112.40646
4.831,-136.0,-0.01669,-0.00067,112.40646
4.832,-138.0,0.02098,-0.00068,112.40646
4.833,-143.0,-0.02098,-0.00067,112.40646
4.834,-139.0,-0.01383,-0.00063,112.40646
4.835,-149.0,0.0248,-0.00066,112.40646
4.836,-140.0,0.00525,-0.00067,112.40646
4.837,-153.0,-0.0205,-0.00065,112.40646
4.838,-132.0,0.01287,-0.00066,112.40646
4.839,-139.0,0.00143,-0.00067,112.40646
4.84,-151.0,-0.01192,-0.00066,112.40646
4.841,-139.0,0.01717,-0.00067,112.40646
4.842,-143.0,-0.02003,-0.00065,112.40646
4.843,-143.0,-0.00715,-0.00064,112.40646
4.844,-137.0,0.03147,-0.00067,112.40646
4.845,-155.0,-0.03052,-0.00065,112.40646
4.846,-138.0,0.0062,-0.00065,112.40646
4.847,-135.0,0.01383,-0.00066,112.40646
4.848,-148.0,-0.01049,-0.00065,112.40646
4.849,-140.0,-0.00143,-0.00066,112.40646
4.85,-136.0,-0.01335,-0.00064,112.40646
4.851,-141.0,0.00048,-0.00064,112.40646
4.852,-137.0,0.01097,-0.00065,112.40646
4.853,-142.0,0.00191,-0.00065,112.40646
4.854,-146.0,0.00811,-0.00066,112.40646
4.855,-138.0,-0.00286,-0.00065,112.40646
4.856,-143.0,0.0,-0.00066,112.40646
4.857,-147.0,-0.01097,-0.00065,112.40646
4.858,-140.0,0.00191,-0.00065,112.40646
4.859,-135.0,0.00429,-0.00065,112.40646
4.86,-145.0,-0.00477,-0.00065,112.40646
4.861,-138.0,0.00048,-0.00065,112.40646
4.862,-153.0,0.00286,-0.00066,112.40646
4.863,-144.0,-0.00238,-0.00065,112.40646
4.864,-136.0,-0.01287,-0.00063,112.40646
4.865,-141.0,0.00763,-0.00064,112.40646
4.866,-136.0,0.00811,-0.00065,112.40646
4.867,-145.0,-0.00858,-0.00065,112.40646
4.868,-142.0,-0.0062,-0.00064,112.40646
4.869,-141.0,0.00525,-0.00064,112.40646
4.87,-136.0,-0.00334,-0.00064,112.40646
4.871,-144.0,0.00334,-0.00065,112.40646
4.872,-137.0,-0.00572,-0.00064,112.40646
4.873,-134.0,-0.00048,-0.00063,112.40646
4.874,-132.0,0.01717,-0.00065,112.40646
4.875,-135.0,-0.01717,-0.00063,112.40646
4.876,-132.0,0.00429,-0.00064,112.40646
4.877,-137.0,0.00811,-0.00065,112.40646
4.878,-148.0,-0.01812,-0.00063,112.40646
4.879,-132.0,0.00429,-0.00063,112.40646
4.88,-143.0,0.00334,-0.00064,112.40646
4.881,-145.0,-0.00858,-0.00064,112.40646
4.882,-154.0,-0.01001,-0.00062,112.40646
4.883,-137.0,0.02527,-0.00064,112.40646
4.884,-144.0,-0.01383,-0.00064,112.40646
4.885,-138.0,-0.01717,-0.00061,112.40646
4.886,-135.0,0.0205,-0.00063,112.40646
4.887,-137.0,-0.00715,-0.00063,112.40646
4.888,-138.0,-0.00668,-0.00062,112.40646
4.889,-131.0,0.00715,-0.00063,112.40646
4.89,-138.0,-0.00048,-0.00063,112.40646
4.891,-147.0,-0.00668,-0.00062,112.40646
4.892,-137.0,0.00095,-0.00062,112.40646
4.893,-138.0,0.01144,-0.00063,112.40646
4.894,-132.0,-0.01907,-0.00062,112.40646
4.895,-139.0,0.00143,-0.00062,112.40646
4.896,-133.0,0.00811,-0.00062,112.40646
4.897,-125.0,-0.01335,-0.00061,112.40646
4.898,-137.0,0.00906,-0.00062,112.40646
4.899,-134.0,0.00858,-0.00063,112.40646
4.9,-144.0,-0.00572,-0.00062,112.40646
4.901,-138.0,-0.00525,-0.00061,112.40646
4.902,-129.0,0.01144,-0.00063,112.40646
4.903,-134.0,-0.03338,-0.0006,112.40646
4.904,-129.0,0.02718,-0.00062,112.40646
4.905,-144.0,-0.00906,-0.00062,112.40646
4.906,-140.0,-0.01574,-0.0006,112.40646
4.907,-130.0,0.02289,-0.00062,112.40646
4.908,-138.0,-0.01669,-0.00061,112.40646
4.909,-137.0,0.00334,-0.0006,112.40646
4.91,-133.0,0.00763,-0.00061,112.40646
4.911,-148.0,-0.01001,-0.0006,112.40646
4.912,-142.0,0.0,-0.0006,112.40646
4.913,-137.0,0.01287,-0.00061,112.40646
4.914,-137.0,-0.0124,-0.0006,112.40646
4.915,-136.0,0.0124,-0.00061,112.40646
4.916,-137.0,-0.00572,-0.00062,112.40646
4.917,-131.0,-0.02337,-0.0006,112.40646
4.918,-134.0,0.01335,-0.0006,112.40646
4.919,-129.0,-0.00286,-0.0006,112.40646
4.92,-129.0,0.00238,-0.00059,112.40646
4.921,-138.0,0.01383,-0.00062,112.40646
4.922,-139.0,-0.01669,-0.0006,112.40646
4.923,-143.0,-0.00238,-0.0006,112.40646
4.924,-130.0,0.0062,-0.0006,112.40646
4.925,-131.0,-0.01907,-0.00058,112.40646
4.926,-143.0,0.02193,-0.0006,112.40646
4.927,-133.0,-0.00525,-0.0006,112.40646
4.928,-139.0,-0.01001,-0.00059,112.40646
4.929,-129.0,0.00858,-0.0006,112.40646
4.93,-136.0,-0.01431,-0.00059,112.40646
4.931,-135.0,0.00954,-0.00059,112.40646
4.932,-135.0,0.00334,-0.0006,112.40646
4.933,-128.0,-0.0062,-0.00059,112.40646
4.934,-125.0,-0.00334,-0.00058,112.40646
4.935,-135.0,0.01335,-0.0006,112.40646
4.936,-127.0,-0.0205,-0.00058,112.40646
4.937,-129.0,0.01287,-0.00059,112.40646
4.938,-129.0,0.0,-0.0006,112.40646
4.939,-132.0,-0.02098,-0.00058,112.40646
4.94,-134.0,0.01526,-0.00059,112.40646
4.941,-140.0,-0.00048,-0.00059,112.40646
4.942,-124.0,-0.00334,-0.00058,112.40646
4.943,-136.0,0.00429,-0.00058,112.40646
4.944,-133.0,0.00334,-0.00059,112.40646
4.945,-136.0,-0.01812,-0.00057,112.40646
4.946,-127.0,0.00811,-0.00058,112.40646
4.947,-137.0,-0.00381,-0.00058,112.40646
4.948,-130.0,0.00525,-0.00058,112.40646
4.949,-136.0,0.00191,-0.00058,112.40646
4.95,-131.0,-0.01383,-0.00057,112.40646
4.951,-133.0,0.0062,-0.00057,112.40646
4.952,-125.0,0.0186,-0.0006,112.40646
4.953,-129.0,-0.03958,-0.00056,112.40646
4.954,-136.0,0.02432,-0.00058,112.40646
4.955,-128.0,0.00381,-0.00059,112.40646
4.956,-135.0,-0.0186,-0.00056,112.40646
4.957,-137.0,0.02098,-0.00058,112.40646
4.958,-130.0,-0.01526,-0.00058,112.40646
4.959,-133.0,-0.01097,-0.00057,112.40646
4.96,-133.0,0.0062,-0.00057,112.40646
4.961,-135.0,0.00286,-0.00057,112.40646
4.962,-125.0,-0.01431,-0.00055,112.40646
4.963,-131.0,0.01144,-0.00056,112.40646
4.964,-129.0,0.00334,-0.00057,112.40646
4.965,-135.0,0.00143,-0.00057,112.40646
4.966,-127.0,-0.01431,-0.00056,112.40646
4.967,-135.0,0.01049,-0.00057,112.40646
4.968,-135.0,0.00095,-0.00057,112.40646
4.969,-124.0,-0.0062,-0.00056,112.40646
4.97,-132.0,0.00095,-0.00056,112.40646
5.0,-123.0,-0.01097,-0.00054,112.40646
5.001,-118.0,0.0124,-0.00056,112.40646
5.002,-129.0,-0.02384,-0.00053,112.40646
5.003,-131.0,0.00811,-0.00053,112.40646
5.004,-126.0,0.00429,-0.00053,112.40646
5.005,-136.0,-0.00572,-0.00054,112.40646
5.006,-130.0,-0.00191,-0.00053,112.40646
5.007,-124.0,0.01097,-0.00055,112.40646
5.008,-126.0,-0.0124,-0.00053,112.40646
5.009,-130.0,0.00381,-0.00053,112.40646
5.01,-125.0,0.00811,-0.00054,112.40646
5.011,-121.0,-0.0186,-0.00052,112.40646
5.012,-131.0,0.01907,-0.00055,112.40646
5.013,-125.0,-0.02432,-0.00053,112.40646
5.014,-127.0,0.00715,-0.00052,112.40646
5.015,-122.0,0.00381,-0.00053,112.40646
5.016,-124.0,-0.01001,-0.00052,112.40646
5.017,-122.0,0.00238,-0.00052,112.40646
5.018,-120.0,0.00381,-0.00052,112.40646
5.019,-122.0,0.01001,-0.00054,112.40646
5.02,-125.0,-0.00763,-0.00053,112.40646
5.021,-129.0,-0.00858,-0.00052,112.40646
5.022,-123.0,0.01335,-0.00054,112.40646
5.023,-136.0,-0.01669,-0.00051,112.40646
5.024,-119.0,0.00477,-0.00052,112.40646
5.025,-129.0,0.01335,-0.00054,112.40646
5.026,-126.0,-0.02384,-0.00051,112.40646
5.027,-120.0,0.00286,-0.00052,112.40646
5.028,-129.0,0.00906,-0.00052,112.40646
5.029,-126.0,0.00763,-0.00053,112.40646
5.03,-127.0,-0.01526,-0.00051,112.40646
5.031,-123.0,0.00572,-0.00052,112.40646
5.032,-125.0,0.00286,-0.00053,112.40646
5.033,-120.0,-0.01526,-0.00051,112.40646
5.034,-135.0,0.0062,-0.00051,112.40646
5.035,-109.0,0.01144,-0.00052,112.40646
5.036,-117.0,0.00191,-0.00053,112.40646
5.037,-122.0,-0.01097,-0.00052,112.40646
5.038,-119.0,-0.01049,-0.0005,112.40646
5.039,-125.0,0.0205,-0.00052,112.40646
5.04,-123.0,-0.02146,-0.00051,112.40646
5.041,-122.0,0.01335,-0.00052,112.40646
5.042,-110.0,-0.00668,-0.00052,112.40646
5.043,-121.0,0.00334,-0.00052,112.40646
5.044,-118.0,-0.01049,-0.00051,112.40646
5.045,-122.0,0.00095,-0.0005,112.40646
5.046,-126.0,0.00381,-0.00051,112.40646
5.047,-132.0,0.00048,-0.00051,112.40646
5.048,-122.0,0.01621,-0.00053,112.40646
5.049,-126.0,-0.02146,-0.00051,112.40646
5.05,-112.0,0.00477,-0.00051,112.40646
5.051,-124.0,0.00143,-0.00051,112.40646
5.052,-122.0,-0.00286,-0.00051,112.40646
5.053,-124.0,-0.00954,-0.0005,112.40646
5.054,-115.0,0.01383,-0.00051,112.40646
5.055,-123.0,-0.00572,-0.00051,112.40646
5.056,-122.0,-0.00334,-0.0005,112.40646
5.057,-123.0,-0.00381,-0.0005,112.40646
5.058,-130.0,-0.00286,-0.0005,112.40646
5.059,-125.0,0.00429,-0.0005,112.40646
5.06,-122.0,0.0,-0.0005,112.40646
5.061,-122.0,-0.00238,-0.0005,112.40646
5.062,-125.0,0.00334,-0.0005,112.40646
5.063,-125.0,-0.00143,-0.0005,112.40646
5.064,-123.0,-0.00286,-0.0005,112.40646
5.065,-114.0,0.00525,-0.0005,112.40646
5.066,-129.0,-0.00668,-0.0005,112.40646
5.067,-126.0,-0.00334,-0.00049,112.40646
5.068,-126.0,0.00763,-0.0005,112.40646
5.069,-123.0,-0.00286,-0.0005,112.40646
5.07,-118.0,-0.00525,-0.00049,112.40646
5.071,-121.0,0.00286,-0.00049,112.40646
5.072,-126.0,0.00048,-0.0005,112.40646
5.073,-126.0,-0.00906,-0.00049,112.40646
5.074,-124.0,0.0124,-0.0005,112.40646
5.075,-122.0,-0.00572,-0.0005,112.40646
5.076,-121.0,-0.00715,-0.00049,112.40646
5.077,-127.0,0.00715,-0.00049,112.40646
5.078,-118.0,0.00191,-0.0005,112.40646
5.079,-120.0,-0.00477,-0.00049,112.40646
5.08,-129.0,0.00572,-0.0005,112.40646
5.081,-119.0,-0.00668,-0.00049,112.40646
5.082,-125.0,0.0,-0.00049,112.40646
5.083,-119.0,0.00048,-0.00049,112.40646
5.084,-120.0,-0.00238,-0.00049,112.40646
5.085,-120.0,-0.00048,-0.00049,112.40646
5.086,-128.0,0.00334,-0.00049,112.40646
5.087,-109.0,-0.00381,-0.00049,112.40646
5.088,-123.0,-0.00381,-0.00048,112.40646
5.089,-120.0,-0.00143,-0.00048,112.40646
5.09,-120.0,0.00954,-0.00049,112.40646
5.091,-113.0,-0.00572,-0.00048,112.40646
5.092,-123.0,-0.00048,-0.00048,112.40646
5.093,-120.0,-0.00286,-0.00048,112.40646
5.094,-118.0,0.00143,-0.00048,112.40646
5.095,-119.0,-0.01049,-0.00047,112.40646
5.096,-124.0,0.01001,-0.00048,112.40646
5.097,-110.0,-0.00715,-0.00048,112.40646
5.098,-116.0,0.01287,-0.00048,112.40646
5.099,-114.0,-0.00668,-0.00048,112.40646
5.1,-116.0,-0.01001,-0.00047,112.40646
5.101,-123.0,0.00477,-0.00048,112.40646
5.102,-115.0,0.01669,-0.00049,112.40646
5.103,-120.0,-0.02623,-0.00047,112.40646
5.104,-116.0,0.00286,-0.00047,112.40646
5.105,-120.0,0.00191,-0.00047,112.40646
5.106,-118.0,-0.00954,-0.00046,112.40646
5.107,-123.0,0.00906,-0.00047,112.40646
5.108,-116.0,-0.00191,-0.00047,112.40646
5.109,-118.0,0.00286,-0.00047,112.40646
5.11,-116.0,-0.00525,-0.00047,112.40646
5.111,-127.0,-0.00811,-0.00046,112.40646
5.112,-122.0,0.00906,-0.00047,112.40646
5.113,-113.0,0.00048,-0.00047,112.40646
5.114,-121.0,-0.00095,-0.00047,112.40646
5.115,-125.0,-0.01001,-0.00046,112.40646
5.116,-114.0,0.01478,-0.00047,112.40646
5.117,-124.0,-0.0186,-0.00045,112.40646
5.118,-116.0,0.00238,-0.00045,112.40646
5.119,-123.0,0.00572,-0.00046,112.40646
5.12,-123.0,0.0,-0.00046,112.40646
5.121,-106.0,-0.01192,-0.00045,112.40646
5.122,-120.0,0.00191,-0.00045,112.40646
5.123,-111.0,0.01144,-0.00046,112.40646
5.124,-117.0,-0.01001,-0.00045,112.40646
5.125,-108.0,0.00286,-0.00046,112.40646
5.126,-118.0,0.00763,-0.00046,112.40646
5.127,-121.0,-0.00429,-0.00046,112.40646
5.128,-116.0,-0.0124,-0.00045,112.40646
5.129,-121.0,0.01431,-0.00046,112.40646
5.13,-114.0,-0.01192,-0.00045,112.40646
5.131,-113.0,-0.00286,-0.00044,112.40646
5.132,-127.0,0.01097,-0.00046,112.40646
5.133,-112.0,-0.01097,-0.00045,112.40646
5.134,-116.0,0.00715,-0.00045,112.40646
5.135,-118.0,-0.00238,-0.00045,112.40646
5.136,-119.0,-0.01383,-0.00044,112.40646
5.137,-116.0,0.01192,-0.00045,112.40646
5.138,-113.0,-0.00477,-0.00045,112.40646
5.139,-115.0,0.00906,-0.00045,112.40646
5.14,-118.0,-0.00763,-0.00045,112.40646
5.141,-117.0,0.00334,-0.00045,112.40646
5.142,-114.0,-0.00525,-0.00044,112.40646
5.143,-120.0,0.00572,-0.00045,112.40646
5.144,-119.0,-0.00238,-0.00045,112.40646
5.145,-103.0,-0.00715,-0.00044,112.40646
5.146,-115.0,0.01001,-0.00045,112.40646
5.147,-112.0,-0.01431,-0.00044,112.40646
5.148,-117.0,0.00238,-0.00044,112.40646
5.149,-108.0,0.00525,-0.00044,112.40646
5.15,-124.0,-0.00381,-0.00044,112.40646
5.151,-118.0,-0.00668,-0.00043,112.40646
5.152,-110.0,0.01001,-0.00044,112.40646
5.153,-116.0,0.00477,-0.00045,112.40646
5.154,-116.0,-0.01192,-0.00044,112.40646
5.155,-116.0,0.00811,-0.00044,112.40646
5.156,-125.0,-0.00143,-0.00045,112.40646
5.157,-121.0,-0.0124,-0.00043,112.40646
5.158,-114.0,0.01049,-0.00044,112.40646
5.159,-116.0,-0.00143,-0.00044,112.40646
5.16,-121.0,-0.00048,-0.00044,112.40646
5.161,-105.0,-0.00668,-0.00044,112.40646
5.162,-119.0,-0.01192,-0.00042,112.40646
5.163,-112.0,0.01621,-0.00043,112.40646
5.164,-114.0,-0.0124,-0.00042,112.40646
5.165,-125.0,0.00381,-0.00043,112.40646
5.166,-111.0,0.00334,-0.00043,112.40646
5.167,-120.0,-0.00525,-0.00043,112.40646
5.168,-113.0,0.00334,-0.00043,112.40646
5.169,-114.0,0.00334,-0.00043,112.40646
5.17,-123.0,0.00334,-0.00044,112.40646
5.171,-119.0,-0.01335,-0.00042,112.40646
5.172,-115.0,0.00238,-0.00042,112.40646
5.173,-112.0,-0.00191,-0.00043,112.40646
5.174,-110.0,0.00191,-0.00042,112.40646
5.175,-103.0,-0.00334,-0.00042,112.40646
5.176,-111.0,-0.00381,-0.00042,112.40646
5.177,-116.0,0.01717,-0.00043,112.40646
5.178,-107.0,-0.00954,-0.00043,112.40646
5.179,-111.0,-0.00191,-0.00042,112.40646
5.18,-115.0,0.01192,-0.00044,112.40646
5.181,-114.0,-0.01574,-0.00042,112.40646
5.182,-114.0,0.00572,-0.00042,112.40646
5.183,-125.0,-0.00143,-0.00043,112.40646
5.184,-117.0,-0.01383,-0.00041,112.40646
5.185,-122.0,0.00954,-0.00042,112.40646
5.186,-117.0,-0.00668,-0.00042,112.40646
5.187,-112.0,0.00381,-0.00042,112.40646
5.188,-123.0,-0.00191,-0.00042,112.40646
5.189,-110.0,0.00095,-0.00042,112.40646
5.19,-110.0,0.00477,-0.00042,112.40646
5.191,-105.0,-0.01335,-0.00041,112.40646
5.192,-117.0,0.0124,-0.00042,112.40646
5.193,-110.0,-0.00095,-0.00042,112.40646
5.194,-107.0,-0.01144,-0.00041,112.40646
5.195,-114.0,0.00143,-0.00041,112.40646
5.196,-116.0,0.00286,-0.00041,112.40646
5.197,-107.0,-0.00286,-0.00041,112.40646
5.198,-112.0,0.00525,-0.00041,112.40646
5.199,-123.0,0.00191,-0.00042,112.40646
5.2,-116.0,-0.00572,-0.00041,112.40646
5.201,-106.0,-0.0062,-0.0004,112.40646
5.202,-122.0,0.00954,-0.00041,112.40646
5.203,-103.0,-0.00334,-0.00041,112.40646
5.204,-120.0,-0.00811,-0.0004,112.40646
5.205,-108.0,0.00429,-0.00041,112.40646
5.206,-124.0,-0.00525,-0.0004,112.40646
5.207,-116.0,0.00858,-0.00041,112.40646
5.208,-119.0,-0.00668,-0.0004,112.40646
5.209,-114.0,-0.00095,-0.0004,112.40646
5.21,-105.0,0.0124,-0.00041,112.40646
5.211,-112.0,-0.01335,-0.0004,112.40646
5.212,-122.0,-0.00191,-0.0004,112.40646
5.213,-115.0,0.0,-0.0004,112.40646
5.214,-107.0,-0.00572,-0.00039,112.40646
5.215,-102.0,0.00381,-0.0004,112.40646
5.216,-110.0,-0.00381,-0.0004,112.40646
5.217,-113.0,-0.00525,-0.00039,112.40646
5.218,-112.0,0.00858,-0.0004,112.40646
5.219,-108.0,0.00381,-0.0004,112.40646
5.22,-109.0,-0.00906,-0.00039,112.40646
5.221,-117.0,0.00286,-0.00039,112.40646
5.222,-114.0,-0.00048,-0.00039,112.40646
5.223,-110.0,-0.00238,-0.00039,112.40646
5.224,-102.0,0.0,-0.00039,112.40646
5.225,-109.0,0.00525,-0.0004,112.40646
5.226,-117.0,-0.00525,-0.00039,112.40646
5.227,-103.0,0.00525,-0.0004,112.40646
5.228,-112.0,-0.00286,-0.00039,112.40646
5.229,-105.0,-0.00381,-0.00039,112.40646
5.23,-102.0,0.00048,-0.00039,112.40646
5.231,-116.0,-0.00477,-0.00039,112.40646
5.232,-108.0,0.00381,-0.00039,112.40646
5.233,-104.0,-0.00429,-0.00039,112.40646
5.234,-107.0,0.00668,-0.00039,112.40646
5.235,-107.0,-0.00334,-0.00039,112.40646
5.236,-108.0,0.00286,-0.00039,112.40646
5.237,-115.0,0.00286,-0.0004,112.40646
5.238,-106.0,-0.01192,-0.00038,112.40646
5.239,-114.0,0.00286,-0.00038,112.40646
5.24,-114.0,0.01383,-0.0004,112.40646
5.241,-104.0,-0.02241,-0.00038,112.40646
5.242,-108.0,0.00811,-0.00038,112.40646
5.243,-106.0,0.00143,-0.00039,112.40646
5.244,-113.0,-0.01192,-0.00037,112.40646
5.245,-112.0,0.00429,-0.00038,112.40646
5.246,-109.0,0.00191,-0.00038,112.40646
5.247,-105.0,-0.0062,-0.00038,112.40646
5.248,-114.0,0.00954,-0.00038,112.40646
5.249,-111.0,-0.00143,-0.00038,112.40646
5.25,-113.0,-0.00668,-0.00038,112.40646
5.251,-110.0,0.00238,-0.00038,112.40646
5.252,-112.0,0.00334,-0.00038,112.40646
5.253,-106.0,-0.00381,-0.00038,112.40646
5.254,-109.0,0.00429,-0.00038,112.40646
5.255,-112.0,-0.00858,-0.00037,112.40646
5.256,-110.0,0.00525,-0.00038,112.40646
5.257,-107.0,-0.00668,-0.00037,112.40646
5.258,-105.0,0.00191,-0.00037,112.40646
5.259,-112.0,0.00858,-0.00038,112.40646
5.26,-114.0,-0.00954,-0.00037,112.40646
5.261,-113.0,0.00334,-0.00038,112.40646
5.262,-116.0,-0.00763,-0.00037,112.40646
5.263,-106.0,0.00143,-0.00037,112.40646
5.264,-107.0,0.00191,-0.00037,112.40646
5.265,-109.0,-0.00143,-0.00037,112.40646
5.266,-112.0,0.00429,-0.00038,112.40646
5.267,-111.0,-0.00763,-0.00037,112.40646
5.268,-114.0,0.00429,-0.00037,112.40646
5.269,-111.0,-0.00525,-0.00037,112.40646
5.27,-108.0,0.00286,-0.00037,112.40646
5.271,-106.0,-0.00668,-0.00036,112.40646
5.272,-105.0,0.00525,-0.00037,112.40646
5.273,-102.0,-0.00048,-0.00037,112.40646
5.274,-100.0,-0.00525,-0.00036,112.40646
5.275,-109.0,0.00763,-0.00037,112.40646
5.276,-105.0,-0.01335,-0.00036,112.40646
5.277,-121.0,0.00477,-0.00036,112.40646
5.278,-99.0,0.00429,-0.00037,112.40646
5.279,-107.0,0.00191,-0.00037,112.40646
5.28,-108.0,-0.0062,-0.00036,112.40646
5.281,-111.0,0.00429,-0.00037,112.40646
5.282,-107.0,-0.00763,-0.00036,112.40646
5.283,-108.0,-0.00668,-0.00035,112.40646
5.284,-103.0,0.00477,-0.00036,112.40646
5.285,-108.0,-0.00668,-0.00035,112.40646
5.286,-103.0,0.01097,-0.00036,112.40646
5.287,-106.0,-0.0124,-0.00035,112.40646
5.288,-105.0,0.00858,-0.00036,112.40646
5.289,-112.0,0.00095,-0.00036,112.40646
5.29,-107.0,-0.00429,-0.00035,112.40646
5.291,-103.0,-0.00095,-0.00035,112.40646
5.292,-104.0,0.00143,-0.00035,112.40646
5.293,-110.0,0.00048,-0.00035,112.40646
5.294,-103.0,-0.00095,-0.00035,112.40646
5.295,-103.0,0.00095,-0.00035,112.40646
5.296,-108.0,-0.00381,-0.00035,112.40646
5.297,-104.0,0.00095,-0.00035,112.40646
5.298,-111.0,-0.00858,-0.00034,112.40646
5.299,-104.0,0.00811,-0.00035,112.40646
5.3,-110.0,-0.00095,-0.00035,112.40646
5.301,-107.0,-0.00191,-0.00035,112.40646
5.302,-106.0,0.00143,-0.00035,112.40646
5.303,-109.0,-0.0062,-0.00034,112.40646
5.304,-107.0,0.00381,-0.00034,112.40646
5.305,-109.0,0.00668,-0.00035,112.40646
5.306,-108.0,-0.00715,-0.00035,112.40646
5.307,-114.0,-0.00095,-0.00035,112.40646
5.308,-102.0,-0.00763,-0.00034,112.40646
5.309,-109.0,0.00763,-0.00034,112.40646
5.31,-107.0,-0.00286,-0.00034,112.40646
5.311,-107.0,0.00191,-0.00034,112.40646
5.312,-105.0,-0.00715,-0.00034,112.40646
5.313,-104.0,0.00954,-0.00035,112.40646
5.314,-120.0,-0.00334,-0.00034,112.40646
5.315,-108.0,0.00191,-0.00034,112.40646
5.316,-102.0,0.00095,-0.00035,112.40646
5.317,-103.0,-0.00811,-0.00034,112.40646
5.318,-109.0,0.00095,-0.00034,112.40646
5.319,-114.0,0.00429,-0.00035,112.40646
5.32,-111.0,-0.01097,-0.00033,112.40646
5.321,-96.0,0.00286,-0.00033,112.40646
5.322,-109.0,-0.00334,-0.00033,112.40646
5.323,-105.0,0.00429,-0.00034,112.40646
5.324,-110.0,-0.00191,-0.00034,112.40646
5.325,-108.0,0.00143,-0.00034,112.40646
5.326,-106.0,0.00191,-0.00034,112.40646
5.327,-104.0,-0.00191,-0.00033,112.40646
5.328,-101.0,0.01049,-0.00035,112.40646
5.329,-106.0,-0.01383,-0.00034,112.40646
5.33,-97.0,-0.00048,-0.00033,112.40646
5.331,-105.0,0.0062,-0.00034,112.40646
5.332,-104.0,-0.01335,-0.00033,112.40646
5.333,-111.0,0.01049,-0.00033,112.40646
5.334,-103.0,0.00048,-0.00034,112.40646
5.335,-107.0,-0.00381,-0.00033,112.40646
5.336,-104.0,0.00858,-0.00034,112.40646
5.337,-106.0,-0.01431,-0.00033,112.40646
5.338,-106.0,0.00906,-0.00033,112.40646
5.339,-111.0,0.0,-0.00034,112.40646
5.34,-98.0,-0.00906,-0.00033,112.40646
5.341,-104.0,0.00668,-0.00033,112.40646
5.342,-102.0,0.00191,-0.00034,112.40646
5.343,-107.0,-0.01287,-0.00032,112.40646
5.344,-102.0,0.01001,-0.00033,112.40646
5.345,-101.0,0.0,-0.00033,112.40646
5.346,-98.0,-0.00858,-0.00032,112.40646
5.347,-107.0,0.01431,-0.00034,112.40646
5.348,-108.0,-0.01574,-0.00032,112.40646
5.349,-98.0,0.00858,-0.00033,112.40646
5.35,-102.0,-0.00048,-0.00033,112.40646
5.351,-101.0,-0.00811,-0.00032,112.40646
5.352,-108.0,0.00143,-0.00032,112.40646
5.353,-110.0,-0.00525,-0.00032,112.40646
5.354,-103.0,-0.00525,-0.00031,112.40646
5.355,-107.0,0.01192,-0.00032,112.40646
5.356,-113.0,0.0,-0.00032,112.40646
5.357,-103.0,-0.00715,-0.00032,112.40646
5.358,-108.0,0.00811,-0.00032,112.40646
5.359,-109.0,0.0062,-0.00033,112.40646
5.36,-100.0,-0.02337,-0.00031,112.40646
5.361,-105.0,0.00906,-0.00032,112.40646
5.362,-102.0,-0.00286,-0.00032,112.40646
5.363,-98.0,0.0,-0.00031,112.40646
5.364,-107.0,0.00668,-0.00032,112.40646
5.365,-95.0,-0.01144,-0.00031,112.40646
5.366,-109.0,0.00334,-0.00031,112.40646
5.367,-98.0,0.0,-0.00031,112.40646
5.368,-103.0,0.00429,-0.00032,112.40646
5.369,-113.0,0.00143,-0.00032,112.40646
5.37,-110.0,-0.00811,-0.00031,112.40646
5.371,-105.0,0.00191,-0.00031,112.40646
5.372,-94.0,0.0062,-0.00032,112.40646
5.373,-104.0,-0.00668,-0.00031,112.40646
5.374,-95.0,-0.00668,-0.00031,112.40646
5.375,-98.0,0.00143,-0.00031,112.40646
5.376,-110.0,0.01097,-0.00032,112.40646
5.377,-102.0,-0.01812,-0.0003,112.40646
5.378,-100.0,0.01001,-0.00031,112.40646
5.379,-91.0,0.01574,-0.00032,112.40646
5.38,-100.0,-0.01526,-0.00031,112.40646
5.381,-106.0,-0.0124,-0.0003,112.40646
5.382,-105.0,0.00429,-0.0003,112.40646
5.383,-101.0,-0.00429,-0.0003,112.40646
5.384,-101.0,0.00763,-0.0003,112.40646
5.385,-104.0,-0.00668,-0.0003,112.40646
5.386,-97.0,-0.00668,-0.00029,112.40646
5.387,-99.0,0.00763,-0.0003,112.40646
5.388,-102.0,0.0062,-0.00031,112.40646
5.389,-95.0,-0.00906,-0.0003,112.40646
5.39,-100.0,0.00191,-0.0003,112.40646
5.391,-111.0,-0.00572,-0.00029,112.40646
5.392,-106.0,0.0062,-0.0003,112.40646
5.393,-103.0,-0.00191,-0.0003,112.40646
5.394,-104.0,-0.00143,-0.00029,112.40646
5.395,-100.0,0.00429,-0.0003,112.40646
5.396,-107.0,-0.00811,-0.00029,112.40646
5.397,-97.0,0.00238,-0.00029,112.40646
5.398,-100.0,-0.00143,-0.00029,112.40646
5.399,-99.0,-0.00238,-0.00029,112.40646
5.4,-96.0,0.00477,-0.0003,112.40646
5.401,-95.0,-0.01049,-0.00029,112.40646
5.402,-98.0,-0.00095,-0.00028,112.40646
5.403,-106.0,0.01621,-0.0003,112.40646
5.404,-105.0,-0.01097,-0.00029,112.40646
5.405,-102.0,0.00095,-0.00029,112.40646
5.406,-104.0,0.00858,-0.0003,112.40646
5.407,-107.0,-0.02003,-0.00028,112.40646
5.408,-99.0,0.01431,-0.00029,112.40646
5.409,-104.0,-0.00048,-0.00029,112.40646
5.41,-101.0,-0.00572,-0.00029,112.40646
5.411,-100.0,0.00477,-0.00029,112.40646
5.412,-98.0,-0.00095,-0.00029,112.40646
5.413,-103.0,-0.01001,-0.00028,112.40646
5.414,-96.0,0.01431,-0.00029,112.40646
5.415,-104.0,0.00143,-0.0003,112.40646
5.416,-104.0,-0.01383,-0.00028,112.40646
5.417,-100.0,0.00143,-0.00029,112.40646
5.418,-95.0,0.00095,-0.00029,112.40646
5.419,-102.0,-0.00381,-0.00028,112.40646
5.42,-97.0,0.00858,-0.00029,112.40646
5.421,-101.0,-0.0062,-0.00029,112.40646
5.422,-93.0,-0.0062,-0.00028,112.40646
5.423,-100.0,0.00429,-0.00028,112.40646
5.424,-94.0,0.00381,-0.00029,112.40646
5.425,-98.0,-0.00572,-0.00028,112.40646
5.426,-105.0,0.00238,-0.00028,112.40646
5.427,-105.0,0.00429,-0.00029,112.40646
5.428,-108.0,-0.00525,-0.00028,112.40646
5.429,-102.0,0.00191,-0.00028,112.40646
5.43,-98.0,0.00477,-0.00029,112.40646
5.431,-103.0,-0.00906,-0.00028,112.40646
5.432,-91.0,-0.00811,-0.00027,112.40646
5.433,-100.0,0.01526,-0.00029,112.40646
5.434,-98.0,-0.01287,-0.00028,112.40646
5.435,-90.0,0.00334,-0.00027,112.40646
5.436,-106.0,0.00811,-0.00029,112.40646
5.437,-95.0,-0.01383,-0.00028,112.40646
5.438,-105.0,0.00858,-0.00028,112.40646
5.439,-104.0,-0.00095,-0.00028,112.40646
5.44,-102.0,0.00048,-0.00028,112.40646
5.441,-106.0,-0.00191,-0.00028,112.40646
5.442,-97.0,-0.0062,-0.00027,112.40646
5.443,-114.0,0.00668,-0.00028,112.40646
5.444,-105.0,-0.01001,-0.00027,112.40646
5.445,-102.0,0.00525,-0.00027,112.40646
5.446,-95.0,-0.00286,-0.00027,112.40646
5.447,-97.0,0.00429,-0.00027,112.40646
5.448,-102.0,0.00477,-0.00028,112.40646
5.449,-97.0,-0.01717,-0.00026,112.40646
5.45,-102.0,0.01478,-0.00027,112.40646
5.451,-99.0,-0.00572,-0.00027,112.40646
5.452,-104.0,-0.00286,-0.00027,112.40646
5.453,-100.0,0.00143,-0.00027,112.40646
5.454,-99.0,-0.00429,-0.00027,112.40646
5.455,-99.0,0.00668,-0.00027,112.40646
5.456,-87.0,-0.00286,-0.00027,112.40646
5.457,-96.0,-0.00429,-0.00026,112.40646
5.458,-94.0,0.00095,-0.00027,112.40646
5.459,-97.0,-0.00525,-0.00026,112.40646
5.46,-103.0,0.00191,-0.00026,112.40646
5.461,-97.0,-0.00048,-0.00026,112.40646
5.462,-103.0,-0.00048,-0.00026,112.40646
5.463,-96.0,0.00143,-0.00026,112.40646
5.464,-97.0,0.0062,-0.00027,112.40646
5.465,-92.0,-0.00715,-0.00027,112.40646
5.466,-100.0,-0.00143,-0.00026,112.40646
5.467,-100.0,0.00048,-0.00026,112.40646
5.468,-101.0,0.00048,-0.00026,112.40646
5.469,-102.0,0.00668,-0.00027,112.40646
5.47,-101.0,-0.00334,-0.00027,112.40646
5.471,-100.0,-0.00238,-0.00026,112.40646
5.472,-97.0,0.00095,-0.00026,112.40646
5.473,-98.0,-0.00763,-0.00026,112.40646
5.474,-96.0,0.00238,-0.00026,112.40646
5.475,-104.0,0.00381,-0.00026,112.40646
5.476,-99.0,0.00143,-0.00027,112.40646
5.477,-103.0,-0.00143,-0.00026,112.40646
5.478,-104.0,-0.00238,-0.00026,112.40646
5.479,-99.0,0.00143,-0.00026,112.40646
5.48,-90.0,-0.00572,-0.00026,112.40646
5.481,-90.0,0.00238,-0.00026,112.40646
5.482,-90.0,0.00048,-0.00026,112.40646
5.483,-95.0,-0.00095,-0.00026,112.40646
5.484,-98.0,-0.00238,-0.00026,112.40646
5.485,-95.0,-0.00143,-0.00025,112.40646
5.486,-99.0,-0.00238,-0.00025,112.40646
5.487,-99.0,0.01383,-0.00026,112.40646
5.488,-97.0,-0.00858,-0.00026,112.40646
5.489,-95.0,-0.00334,-0.00025,112.40646
5.49,-100.0,0.01431,-0.00027,112.40646
5.491,-93.0,-0.0186,-0.00025,112.40646
5.492,-96.0,-0.00477,-0.00024,112.40646
5.493,-97.0,0.00954,-0.00025,112.40646
5.494,-91.0,0.00048,-0.00025,112.40646
5.495,-103.0,0.00334,-0.00026,112.40646
5.496,-94.0,-0.01287,-0.00025,112.40646
5.497,-98.0,0.01144,-0.00025,112.40646
5.498,-103.0,-0.00572,-0.00025,112.40646
5.499,-91.0,-0.00381,-0.00025,112.40646
5.5,-98.0,0.00858,-0.00025,112.40646
5.501,-97.0,-0.00429,-0.00025,112.40646
5.502,-99.0,-0.00763,-0.00024,112.40646
5.503,-95.0,0.00811,-0.00025,112.40646
5.504,-92.0,-0.00238,-0.00025,112.40646
5.505,-102.0,0.00286,-0.00025,112.40646
5.506,-98.0,-0.00715,-0.00024,112.40646
5.507,-97.0,0.0,-0.00024,112.40646
5.508,-92.0,-0.00095,-0.00024,112.40646
5.509,-98.0,0.00715,-0.00025,112.40646
5.51,-97.0,-0.00238,-0.00025,112.40646
5.511,-94.0,-0.00477,-0.00024,112.40646
5.512,-95.0,0.00048,-0.00025,112.40646
5.513,-92.0,-0.00238,-0.00024,112.40646
5.514,-95.0,0.00525,-0.00025,112.40646
5.515,-96.0,-0.00286,-0.00024,112.40646
5.516,-98.0,0.00429,-0.00025,112.40646
5.517,-91.0,-0.00572,-0.00024,112.40646
5.518,-96.0,0.00381,-0.00025,112.40646
5.519,-95.0,-0.00381,-0.00024,112.40646
5.52,-89.0,0.00477,-0.00025,112.40646
5.521,-98.0,-0.01335,-0.00024,112.40646
5.522,-97.0,0.00048,-0.00023,112.40646
5.523,-97.0,0.0062,-0.00024,112.40646
5.524,-100.0,-0.00715,-0.00023,112.40646
5.525,-104.0,0.00715,-0.00024,112.40646
5.526,-100.0,-0.00286,-0.00024,112.40646
5.527,-99.0,0.00095,-0.00024,112.40646
5.528,-98.0,0.00334,-0.00024,112.40646
5.529,-91.0,-0.0062,-0.00024,112.40646
5.53,-94.0,0.00858,-0.00024,112.40646
5.531,-97.0,-0.00715,-0.00024,112.40646
5.532,-104.0,-0.00525,-0.00023,112.40646
5.533,-95.0,-0.00238,-0.00023,112.40646
5.534,-97.0,0.00906,-0.00024,112.40646
5.535,-95.0,-0.00477,-0.00024,112.40646
5.536,-96.0,-0.01049,-0.00023,112.40646
5.537,-104.0,0.00906,-0.00023,112.40646
5.538,-102.0,-0.00572,-0.00023,112.40646
5.539,-100.0,0.00763,-0.00023,112.40646
5.54,-92.0,0.00048,-0.00024,112.40646
5.541,-96.0,-0.00381,-0.00023,112.40646
5.542,-100.0,-0.00095,-0.00023,112.40646
5.543,-95.0,-0.00334,-0.00023,112.40646
5.544,-96.0,0.00381,-0.00023,112.40646
5.545,-94.0,-0.00191,-0.00023,112.40646
5.546,-94.0,0.00525,-0.00023,112.40646
5.547,-91.0,-0.0062,-0.00023,112.40646
5.548,-92.0,0.00048,-0.00023,112.40646
5.549,-92.0,0.00381,-0.00023,112.40646
5.55,-94.0,0.00048,-0.00023,112.40646
5.551,-89.0,-0.00906,-0.00023,112.40646
5.552,-100.0,0.00525,-0.00023,112.40646
5.553,-92.0,0.00191,-0.00023,112.40646
5.554,-92.0,-0.00668,-0.00022,112.40646
5.555,-92.0,0.01049,-0.00024,112.40646
5.556,-82.0,-0.01097,-0.00023,112.40646
5.557,-102.0,0.00477,-0.00023,112.40646
5.558,-89.0,-0.00048,-0.00023,112.40646
5.559,-100.0,-0.00286,-0.00023,112.40646
5.56,-97.0,-0.00095,-0.00022,112.40646
5.561,-83.0,-0.00048,-0.00023,112.40646
5.562,-90.0,-0.00286,-0.00022,112.40646
5.563,-83.0,0.00095,-0.00022,112.40646
5.564,-89.0,-0.00095,-0.00022,112.40646
5.565,-92.0,0.00334,-0.00022,112.40646
5.566,-95.0,-0.0062,-0.00022,112.40646
5.567,-93.0,0.00477,-0.00022,112.40646
5.568,-101.0,0.00525,-0.00023,112.40646
5.569,-98.0,-0.00763,-0.00022,112.40646
5.57,-99.0,-0.00286,-0.00022,112.40646
5.571,-98.0,-0.00429,-0.00021,112.40646
5.572,-90.0,0.0062,-0.00022,112.40646
5.573,-94.0,-0.00143,-0.00022,112.40646
5.574,-89.0,-0.0062,-0.00021,112.40646
5.575,-95.0,0.00811,-0.00022,112.40646
5.576,-96.0,-0.00238,-0.00022,112.40646
5.577,-89.0,-0.00668,-0.00021,112.40646
5.578,-97.0,0.00906,-0.00022,112.40646
5.579,-88.0,-0.00286,-0.00022,112.40646
5.58,-92.0,-0.00477,-0.00021,112.40646
5.581,-89.0,0.0062,-0.00022,112.40646
5.582,-93.0,-0.00238,-0.00022,112.40646
5.583,-89.0,-0.00906,-0.00021,112.40646
5.584,-91.0,0.00763,-0.00021,112.40646
5.585,-94.0,-0.00286,-0.00021,112.40646
5.586,-88.0,0.00572,-0.00022,112.40646
5.587,-81.0,-0.00429,-0.00022,112.40646
5.588,-103.0,-0.00477,-0.00021,112.40646
5.589,-95.0,0.00572,-0.00021,112.40646
5.59,-95.0,-0.00334,-0.00021,112.40646
5.591,-92.0,-0.0062,-0.0002,112.40646
5.592,-99.0,0.00381,-0.00021,112.40646
5.593,-99.0,0.00429,-0.00021,112.40646
5.594,-94.0,-0.01335,-0.0002,112.40646
5.595,-94.0,0.00763,-0.00021,112.40646
5.596,-87.0,0.00143,-0.00021,112.40646
5.597,-98.0,0.00095,-0.00021,112.40646
5.598,-91.0,0.00429,-0.00021,112.40646
5.599,-101.0,-0.00525,-0.00021,112.40646
5.6,-91.0,0.00334,-0.00021,112.40646
5.601,-95.0,0.00429,-0.00022,112.40646
5.602,-98.0,-0.01478,-0.0002,112.40646
5.603,-91.0,0.00811,-0.00021,112.40646
5.604,-92.0,0.00572,-0.00021,112.40646
5.605,-88.0,-0.01144,-0.0002,112.40646
5.606,-95.0,0.00715,-0.00021,112.40646
5.607,-90.0,-0.01144,-0.0002,112.40646
5.608,-92.0,0.00477,-0.0002,112.40646
5.609,-89.0,0.00954,-0.00021,112.40646
5.61,-92.0,-0.00906,-0.0002,112.40646
5.611,-83.0,0.00381,-0.00021,112.40646
5.612,-90.0,-0.00763,-0.0002,112.40646
5.613,-93.0,0.00191,-0.0002,112.40646
5.614,-92.0,-0.00095,-0.0002,112.40646
5.615,-93.0,0.00334,-0.0002,112.40646
5.616,-93.0,0.00238,-0.00021,112.40646
5.617,-90.0,-0.00715,-0.0002,112.40646
5.618,-93.0,-0.00238,-0.0002,112.40646
5.619,-84.0,0.00525,-0.0002,112.40646
5.62,-89.0,-0.0062,-0.0002,112.40646
5.621,-96.0,-0.00238,-0.00019,112.40646
5.622,-93.0,0.00238,-0.0002,112.40646
5.623,-91.0,-0.00191,-0.00019,112.40646
5.624,-96.0,0.00525,-0.0002,112.40646
5.625,-92.0,-0.00572,-0.0002,112.40646
5.626,-86.0,-0.00715,-0.00019,112.40646
5.627,-95.0,0.01049,-0.0002,112.40646
5.628,-89.0,-0.00238,-0.0002,112.40646
5.629,-98.0,-0.00429,-0.00019,112.40646
5.63,-94.0,0.00811,-0.0002,112.40646
5.631,-91.0,-0.00238,-0.0002,112.40646
5.632,-97.0,0.00095,-0.0002,112.40646
5.633,-96.0,-0.00477,-0.00019,112.40646
5.634,-98.0,0.00811,-0.0002,112.40646
5.635,-96.0,-0.00811,-0.0002,112.40646
5.636,-98.0,-0.00525,-0.00019,112.40646
5.637,-100.0,0.01049,-0.0002,112.40646
5.638,-83.0,-0.00858,-0.00019,112.40646
5.639,-99.0,0.00429,-0.00019,112.40646
5.64,-88.0,0.0062,-0.0002,112.40646
5.641,-96.0,-0.00954,-0.00019,112.40646
5.642,-92.0,-0.00668,-0.00019,112.40646
5.643,-91.0,0.00763,-0.00019,112.40646
5.644,-88.0,-0.00191,-0.00019,112.40646
5.645,-92.0,0.00191,-0.00019,112.40646
5.646,-96.0,-0.01097,-0.00018,112.40646
5.647,-94.0,0.01001,-0.00019,112.40646
5.648,-89.0,-0.00381,-0.00019,112.40646
5.649,-81.0,-0.00572,-0.00018,112.40646
5.65,-86.0,0.01383,-0.00019,112.40646
5.651,-97.0,-0.00286,-0.00019,112.40646
5.652,-87.0,-0.01669,-0.00018,112.40646
5.653,-88.0,0.00477,-0.00018,112.40646
5.654,-96.0,0.00048,-0.00018,112.40646
5.655,-97.0,-0.00429,-0.00017,112.40646
5.656,-93.0,0.00763,-0.00018,112.40646
5.657,-84.0,0.0,-0.00019,112.40646
5.658,-90.0,-0.00095,-0.00018,112.40646
5.659,-88.0,-0.00143,-0.00018,112.40646
5.66,-92.0,0.00048,-0.00018,112.40646
5.661,-93.0,0.00238,-0.00018,112.40646
5.662,-85.0,-0.01049,-0.00017,112.40646
5.663,-93.0,0.00954,-0.00018,112.40646
5.664,-92.0,-0.0062,-0.00018,112.40646
5.665,-85.0,-0.00238,-0.00017,112.40646
5.666,-93.0,0.00525,-0.00018,112.40646
5.667,-95.0,-0.00334,-0.00018,112.40646
5.668,-94.0,0.00191,-0.00018,112.40646
5.669,-92.0,0.00381,-0.00018,112.40646
5.67,-87.0,-0.01097,-0.00017,112.40646
5.671,-87.0,0.00954,-0.00018,112.40646
5.672,-91.0,-0.00334,-0.00018,112.40646
5.673,-91.0,-0.0062,-0.00017,112.40646
5.674,-90.0,0.01097,-0.00018,112.40646
5.675,-91.0,-0.01478,-0.00017,112.40646
5.676,-91.0,0.00906,-0.00018,112.40646
5.677,-87.0,-0.00334,-0.00018,112.40646
5.678,-85.0,0.00048,-0.00017,112.40646
5.679,-96.0,0.00668,-0.00018,112.40646
5.68,-90.0,-0.01144,-0.00017,112.40646
5.681,-85.0,0.00715,-0.00017,112.40646
5.682,-100.0,0.00525,-0.00018,112.40646
5.683,-92.0,-0.00906,-0.00017,112.40646
5.684,-87.0,-0.00095,-0.00017,112.40646
5.685,-91.0,-0.00095,-0.00017,112.40646
5.686,-90.0,0.00238,-0.00017,112.40646
5.687,-97.0,-0.00095,-0.00017,112.40646
5.688,-96.0,0.01001,-0.00018,112.40646
5.689,-88.0,-0.01764,-0.00017,112.40646
5.69,-99.0,0.00668,-0.00017,112.40646
5.691,-89.0,0.01049,-0.00018,112.40646
5.692,-97.0,-0.02193,-0.00016,112.40646
5.693,-96.0,0.00572,-0.00016,112.40646
5.694,-88.0,0.00048,-0.00017,112.40646
5.695,-87.0,0.00381,-0.00017,112.40646
5.696,-89.0,0.00477,-0.00017,112.40646
5.697,-94.0,-0.00334,-0.00017,112.40646
5.698,-83.0,-0.00668,-0.00016,112.40646
5.699,-89.0,0.0062,-0.00017,112.40646
5.7,-88.0,0.00381,-0.00018,112.40646
5.701,-91.0,-0.01383,-0.00016,112.40646
5.702,-93.0,0.01049,-0.00017,112.40646
5.703,-88.0,-0.00048,-0.00017,112.40646
5.704,-78.0,-0.01144,-0.00016,112.40646
5.705,-85.0,0.01764,-0.00018,112.40646
5.706,-79.0,-0.00477,-0.00018,112.40646
5.707,-85.0,-0.0124,-0.00016,112.40646
5.708,-89.0,0.02003,-0.00018,112.40646
5.709,-84.0,-0.01001,-0.00017,112.40646
5.71,-82.0,0.00238,-0.00017,112.40646
5.711,-84.0,-0.00525,-0.00017,112.40646
5.712,-87.0,-0.00763,-0.00016,112.40646
5.713,-97.0,0.01049,-0.00017,112.40646
5.714,-88.0,-0.00811,-0.00016,112.40646
5.715,-86.0,0.00477,-0.00016,112.40646
5.716,-87.0,-0.00095,-0.00016,112.40646
5.717,-94.0,0.00048,-0.00017,112.40646
5.718,-91.0,-0.01097,-0.00016,112.40646
5.719,-88.0,0.00954,-0.00016,112.40646
5.72,-92.0,0.0,-0.00017,112.40646
5.721,-89.0,-0.00334,-0.00016,112.40646
5.722,-84.0,0.0,-0.00016,112.40646
5.723,-87.0,-0.00048,-0.00016,112.40646
5.724,-91.0,0.00429,-0.00016,112.40646
5.725,-92.0,0.00095,-0.00017,112.40646
5.726,-86.0,-0.01001,-0.00016,112.40646
5.727,-91.0,0.0062,-0.00016,112.40646
5.728,-93.0,0.00668,-0.00017,112.40646
5.729,-91.0,-0.00811,-0.00016,112.40646
5.73,-90.0,-0.00143,-0.00016,112.40646
5.731,-97.0,0.00095,-0.00016,112.40646
5.732,-90.0,0.0,-0.00016,112.40646
5.733,-93.0,-0.00095,-0.00016,112.40646
5.734,-91.0,0.00143,-0.00016,112.40646
5.735,-87.0,-0.0062,-0.00015,112.40646
5.736,-93.0,0.00763,-0.00016,112.40646
5.737,-94.0,-0.00429,-0.00016,112.40646
5.738,-89.0,-0.00048,-0.00016,112.40646
5.739,-90.0,0.00763,-0.00017,112.40646
5.74,-90.0,-0.01001,-0.00016,112.40646
5.741,-85.0,0.00477,-0.00016,112.40646
5.742,-81.0,0.00191,-0.00016,112.40646
5.743,-95.0,-0.00334,-0.00016,112.40646
5.744,-85.0,0.00381,-0.00016,112.40646
5.745,-84.0,-0.00715,-0.00016,112.40646
5.746,-92.0,-0.00048,-0.00015,112.40646
5.747,-89.0,0.0,-0.00016,112.40646
5.748,-88.0,0.0,-0.00016,112.40646
5.749,-92.0,0.00334,-0.00016,112.40646
5.75,-92.0,0.00191,-0.00016,112.40646
5.751,-86.0,-0.00668,-0.00015,112.40646
5.752,-83.0,0.00429,-0.00016,112.40646
5.753,-85.0,-0.00143,-0.00016,112.40646
5.754,-93.0,-0.00334,-0.00015,112.40646
5.755,-88.0,0.00238,-0.00016,112.40646
5.756,-85.0,0.0062,-0.00016,112.40646
5.757,-72.0,-0.00477,-0.00016,112.40646
5.758,-85.0,0.0,-0.00016,112.40646
5.759,-89.0,-0.00095,-0.00016,112.40646
5.76,-95.0,-0.00238,-0.00016,112.40646
5.761,-83.0,0.00286,-0.00016,112.40646
5.762,-94.0,-0.00238,-0.00015,112.40646
5.763,-90.0,-0.00048,-0.00015,112.40646
5.764,-87.0,0.00095,-0.00015,112.40646
5.765,-84.0,-0.00238,-0.00015,112.40646
5.766,-89.0,0.00429,-0.00016,112.40646
5.767,-89.0,-0.00429,-0.00015,112.40646
5.768,-82.0,0.00477,-0.00016,112.40646
5.769,-91.0,-0.00286,-0.00016,112.40646
5.77,-97.0,-0.00477,-0.00015,112.40646
5.771,-87.0,0.0062,-0.00015,112.40646
5.772,-88.0,0.00143,-0.00016,112.40646
5.773,-90.0,-0.00715,-0.00015,112.40646
5.774,-82.0,0.00238,-0.00015,112.40646
5.775,-91.0,0.00334,-0.00016,112.40646
5.776,-82.0,-0.00954,-0.00015,112.40646
5.777,-85.0,0.0062,-0.00015,112.40646
5.778,-89.0,0.00191,-0.00015,112.40646
5.779,-77.0,-0.00334,-0.00015,112.40646
5.78,-95.0,-0.00095,-0.00015,112.40646
5.781,-88.0,-0.00429,-0.00014,112.40646
5.782,-87.0,0.00191,-0.00015,112.40646
5.783,-92.0,0.00286,-0.00015,112.40646
5.784,-83.0,-0.00095,-0.00015,112.40646
5.785,-76.0,-0.01144,-0.00014,112.40646
5.786,-89.0,0.00954,-0.00014,112.40646
5.787,-86.0,0.00191,-0.00015,112.40646
5.788,-96.0,-0.01097,-0.00014,112.40646
5.789,-86.0,0.01287,-0.00015,112.40646
5.79,-78.0,-0.00477,-0.00015,112.40646
5.791,-84.0,0.00095,-0.00015,112.40646
5.792,-92.0,-0.00572,-0.00014,112.40646
5.793,-88.0,0.00048,-0.00014,112.40646
5.794,-88.0,0.00381,-0.00015,112.40646
5.795,-88.0,-0.00429,-0.00014,112.40646
5.796,-87.0,0.01097,-0.00015,112.40646
5.797,-84.0,-0.00954,-0.00014,112.40646
5.798,-91.0,0.00286,-0.00015,112.40646
5.799,-97.0,0.00572,-0.00015,112.40646
5.8,-91.0,-0.0062,-0.00014,112.40646
5.801,-85.0,0.00143,-0.00014,112.40646
5.802,-79.0,-0.00095,-0.00014,112.40646
5.803,-89.0,0.00143,-0.00015,112.40646
5.804,-95.0,0.00286,-0.00015,112.40646
5.805,-88.0,-0.00954,-0.00014,112.40646
5.806,-89.0,0.0,-0.00014,112.40646
5.807,-91.0,0.00858,-0.00015,112.40646
5.808,-86.0,-0.01097,-0.00014,112.40646
5.809,-88.0,0.00763,-0.00015,112.40646
5.81,-91.0,-0.00811,-0.00014,112.40646
5.811,-82.0,0.00572,-0.00014,112.40646
5.812,-81.0,-0.00525,-0.00014,112.40646
5.813,-92.0,-0.00191,-0.00013,112.40646
5.814,-77.0,0.00334,-0.00014,112.40646
5.815,-82.0,0.00048,-0.00014,112.40646
5.816,-82.0,-0.00238,-0.00014,112.40646
5.817,-96.0,0.00334,-0.00014,112.40646
5.818,-85.0,0.00381,-0.00015,112.40646
5.819,-84.0,-0.00572,-0.00014,112.40646
5.82,-85.0,-0.00048,-0.00014,112.40646
5.821,-84.0,-0.00191,-0.00014,112.40646
5.822,-79.0,0.00334,-0.00014,112.40646
5.823,-92.0,-0.00668,-0.00013,112.40646
5.824,-89.0,0.00381,-0.00014,112.40646
5.825,-82.0,-0.00286,-0.00013,112.40646
5.826,-86.0,0.00477,-0.00014,112.40646
5.827,-93.0,-0.00095,-0.00014,112.40646
5.828,-80.0,0.00429,-0.00014,112.40646
5.829,-91.0,-0.00668,-0.00014,112.40646
5.83,-89.0,0.00143,-0.00013,112.40646
5.831,-84.0,0.00715,-0.00014,112.40646
5.832,-79.0,-0.01097,-0.00013,112.40646
5.833,-88.0,0.01192,-0.00014,112.40646
5.834,-84.0,-0.00286,-0.00014,112.40646
5.835,-86.0,-0.01144,-0.00013,112.40646
5.836,-94.0,0.0062,-0.00014,112.40646
5.837,-86.0,-0.00286,-0.00014,112.40646
5.838,-103.0,-0.00525,-0.00013,112.40646
5.839,-93.0,0.0124,-0.00014,112.40646
5.84,-87.0,-0.00811,-0.00013,112.40646
5.841,-78.0,0.00048,-0.00013,112.40646
5.842,-82.0,0.00572,-0.00014,112.40646
5.843,-85.0,-0.01049,-0.00013,112.40646
5.844,-85.0,0.00286,-0.00013,112.40646
5.845,-82.0,0.00858,-0.00014,112.40646
5.846,-87.0,-0.0062,-0.00013,112.40646
5.847,-88.0,0.0,-0.00013,112.40646
5.848,-87.0,-0.00525,-0.00013,112.40646
5.849,-86.0,0.00477,-0.00013,112.40646
5.85,-79.0,0.00143,-0.00014,112.40646
5.851,-89.0,-0.00477,-0.00013,112.40646
5.852,-88.0,-0.00191,-0.00013,112.40646
5.853,-82.0,0.00477,-0.00013,112.40646
5.854,-83.0,-0.0062,-0.00013,112.40646
5.855,-93.0,0.00191,-0.00013,112.40646
5.856,-82.0,0.00429,-0.00014,112.40646
5.857,-86.0,-0.00763,-0.00013,112.40646
5.858,-93.0,0.01001,-0.00013,112.40646
5.859,-82.0,0.00238,-0.00014,112.40646
5.86,-85.0,-0.0124,-0.00013,112.40646
5.861,-78.0,0.00143,-0.00013,112.40646
5.862,-90.0,0.01001,-0.00014,112.40646
5.863,-81.0,-0.01049,-0.00013,112.40646
5.864,-83.0,-0.00238,-0.00012,112.40646
5.865,-83.0,0.00715,-0.00013,112.40646
5.866,-92.0,-0.00381,-0.00013,112.40646
5.867,-87.0,0.00668,-0.00013,112.40646
5.868,-86.0,-0.0062,-0.00013,112.40646
5.869,-88.0,-0.00811,-0.00012,112.40646
5.87,-86.0,0.01144,-0.00013,112.40646
5.871,-75.0,-0.00715,-0.00013,112.40646
5.872,-86.0,0.00143,-0.00012,112.40646
5.873,-78.0,0.00715,-0.00013,112.40646
5.874,-84.0,-0.0186,-0.00012,112.40646
5.875,-81.0,0.00668,-0.00012,112.40646
5.876,-88.0,0.00715,-0.00013,112.40646
5.877,-90.0,-0.00668,-0.00012,112.40646
5.878,-84.0,0.00381,-0.00012,112.40646
5.879,-91.0,0.00525,-0.00013,112.40646
5.88,-82.0,-0.00429,-0.00012,112.40646
5.881,-85.0,0.0,-0.00012,112.40646
5.882,-84.0,-0.00286,-0.00012,112.40646
5.883,-87.0,0.0,-0.00012,112.40646
5.884,-83.0,0.0,-0.00012,112.40646
5.885,-86.0,-0.00334,-0.00012,112.40646
5.886,-90.0,0.00381,-0.00012,112.40646
5.887,-87.0,-0.0062,-0.00012,112.40646
5.888,-80.0,0.00525,-0.00012,112.40646
5.889,-85.0,-0.00286,-0.00012,112.40646
5.89,-81.0,-0.00095,-0.00012,112.40646
5.891,-82.0,0.01049,-0.00013,112.40646
5.892,-86.0,-0.01144,-0.00012,112.40646
5.893,-74.0,-0.00477,-0.00011,112.40646
5.894,-91.0,0.01478,-0.00013,112.40646
5.895,-86.0,-0.00811,-0.00012,112.40646
5.896,-89.0,-0.00334,-0.00011,112.40646
5.897,-82.0,0.00238,-0.00012,112.40646
5.898,-81.0,0.00286,-0.00012,112.40646
5.899,-82.0,0.0,-0.00012,112.40646
5.9,-85.0,-0.00143,-0.00012,112.40646
5.901,-89.0,-0.00048,-0.00012,112.40646
5.902,-78.0,-0.00095,-0.00012,112.40646
5.903,-91.0,0.00286,-0.00012,112.40646
5.904,-84.0,-0.01097,-0.00011,112.40646
5.905,-90.0,0.00715,-0.00012,112.40646
5.906,-82.0,0.00191,-0.00012,112.40646
5.907,-84.0,-0.01001,-0.00011,112.40646
5.908,-89.0,0.01049,-0.00012,112.40646
5.909,-86.0,0.00191,-0.00012,112.40646
5.91,-94.0,-0.00525,-0.00012,112.40646
5.911,-85.0,0.00572,-0.00012,112.40646
5.912,-79.0,-0.01097,-0.00011,112.40646
5.913,-89.0,0.00095,-0.00011,112.40646
5.914,-89.0,0.00906,-0.00012,112.40646
5.915,-81.0,-0.00668,-0.00011,112.40646
5.916,-92.0,0.00095,-0.00011,112.40646
5.917,-68.0,-0.00334,-0.00011,112.40646
5.918,-89.0,0.00048,-0.00011,112.40646
5.919,-87.0,0.00906,-0.00012,112.40646
5.92,-81.0,-0.00477,-0.00012,112.40646
5.921,-78.0,-0.00429,-0.00011,112.40646
5.922,-83.0,0.00095,-0.00012,112.40646
5.923,-84.0,0.0,-0.00011,112.40646
5.924,-85.0,-0.00095,-0.00011,112.40646
5.925,-82.0,0.00143,-0.00012,112.40646
5.926,-84.0,-0.00525,-0.00011,112.40646
5.927,-80.0,0.00143,-0.00011,112.40646
5.928,-89.0,0.00143,-0.00011,112.40646
5.929,-85.0,-0.00238,-0.00011,112.40646
5.93,-83.0,0.00095,-0.00011,112.40646
5.931,-86.0,-0.00429,-0.00011,112.40646
5.932,-81.0,0.00668,-0.00011,112.40646
5.933,-84.0,-0.00143,-0.00011,112.40646
5.934,-84.0,-0.00572,-0.0001,112.40646
5.935,-77.0,0.00477,-0.00011,112.40646
5.936,-86.0,0.00095,-0.00011,112.40646
5.937,-86.0,-0.00429,-0.00011,112.40646
5.938,-81.0,0.00525,-0.00011,112.40646
5.939,-90.0,0.00525,-0.00012,112.40646
5.94,-90.0,-0.0205,-9.9659e-05,112.40646
5.941,-83.0,0.00286,-9.72748e-05,112.40646
5.942,-85.0,0.01383,-0.00011,112.40646
5.943,-76.0,-0.01144,-0.0001,112.40646
5.944,-82.0,0.00858,-0.00011,112.40646
5.945,-82.0,-0.00381,-0.00011,112.40646
5.946,-84.0,-0.0062,-0.0001,112.40646
5.947,-92.0,0.00954,-0.00011,112.40646
5.948,-78.0,-0.00429,-0.00011,112.40646
5.949,-89.0,0.00763,-0.00011,112.40646
5.95,-90.0,-0.00668,-0.00011,112.40646
5.951,-82.0,-0.00811,-9.87053e-05,112.40646
5.952,-77.0,0.00381,-0.0001,112.40646
5.953,-78.0,0.00191,-0.00011,112.40646
5.954,-89.0,-0.00715,-9.91821e-05,112.40646
5.955,-83.0,0.00858,-0.0001,112.40646
5.956,-79.0,-0.00048,-0.0001,112.40646
5.957,-83.0,-0.00048,-0.0001,112.40646
5.958,-85.0,-0.00191,-0.00011,112.40646
5.959,-90.0,-0.00954,-9.48906e-05,112.40646
5.96,-84.0,0.01049,-0.00011,112.40646
5.961,-85.0,-0.00525,-0.0001,112.40646
5.962,-86.0,0.00048,-9.72748e-05,112.40646
5.963,-88.0,0.00525,-0.0001,112.40646
5.964,-80.0,-0.00143,-0.0001,112.40646
5.965,-87.0,-0.00143,-0.0001,112.40646
5.966,-84.0,0.0,-0.0001,112.40646
5.967,-86.0,-0.00048,-9.82285e-05,112.40646
5.968,-79.0,0.00572,-0.00011,112.40646
5.969,-82.0,-0.00906,-9.9659e-05,112.40646
5.97,-84.0,0.0062,-0.0001,112.40646
5.971,-80.0,-0.00906,-9.67979e-05,112.40646
5.972,-80.0,0.00381,-9.72748e-05,112.40646
5.973,-83.0,0.00477,-0.0001,112.40646
5.974,-86.0,-0.00525,-0.0001,112.40646
5.975,-80.0,-0.00525,-9.39369e-05,112.40646
5.976,-76.0,0.0,-9.44138e-05,112.40646
5.977,-88.0,0.01049,-0.0001,112.40646
5.978,-89.0,-0.00763,-9.72748e-05,112.40646
5.979,-83.0,0.00477,-9.9659e-05,112.40646
5.98,-88.0,0.00334,-0.0001,112.40646
5.981,-82.0,-0.00858,-9.67979e-05,112.40646
5.982,-95.0,0.0,-9.72748e-05,112.40646
5.983,-90.0,-0.00429,-9.05991e-05,112.40646
5.984,-83.0,0.00238,-9.34601e-05,112.40646
5.985,-78.0,0.00381,-9.72748e-05,112.40646
5.986,-80.0,0.00429,-0.0001,112.40646
5.987,-77.0,-0.00381,-9.9659e-05,112.40646
5.988,-87.0,0.00429,-0.0001,112.40646
5.989,-82.0,-0.00286,-0.0001,112.40646
5.99,-87.0,-0.00572,-9.39369e-05,112.40646
5.991,-84.0,0.00238,-9.53674e-05,112.40646
5.992,-82.0,-0.00143,-9.34601e-05,112.40646
5.993,-81.0,0.00191,-9.67979e-05,112.40646
5.994,-85.0,-0.00525,-9.29832e-05,112.40646
5.995,-83.0,0.0,-9.25064e-05,112.40646
5.996,-81.0,0.00572,-9.63211e-05,112.40646
5.997,-83.0,-0.00143,-9.44138e-05,112.40646
5.998,-88.0,0.00143,-9.58443e-05,112.40646
5.999,-81.0,0.00095,-9.87053e-05,112.40646
6.0,-85.0,-0.00191,-9.77516e-05,112.40646
6.001,-91.0,0.00238,-9.91821e-05,112.40646
6.002,-79.0,-0.00525,-9.44138e-05,112.40646
6.003,-84.0,0.00048,-9.25064e-05,112.40646
6.004,-83.0,0.01144,-0.0001,112.40646
6.005,-84.0,-0.00811,-9.87053e-05,112.40646
6.006,-86.0,0.00095,-9.72748e-05,112.40646
6.007,-87.0,-0.00095,-9.67979e-05,112.40646
6.008,-83.0,-0.00477,-9.34601e-05,112.40646
6.009,-72.0,0.00525,-9.72748e-05,112.40646
6.01,-82.0,-0.00191,-9.72748e-05,112.40646
6.011,-85.0,-0.00191,-9.29832e-05,112.40646
6.012,-80.0,0.00048,-9.48906e-05,112.40646
6.013,-83.0,-0.01097,-8.15392e-05,112.40646
6.014,-82.0,0.00906,-8.96454e-05,112.40646
6.015,-86.0,0.00143,-9.34601e-05,112.40646
6.016,-87.0,-0.00191,-9.34601e-05,112.40646
6.017,-84.0,-0.00095,-9.20296e-05,112.40646
6.018,-83.0,-0.00334,-8.7738e-05,112.40646
6.019,-89.0,0.00572,-9.34601e-05,112.40646
6.02,-88.0,-0.00238,-9.10759e-05,112.40646
6.021,-81.0,-0.00143,-9.05991e-05,112.40646
6.022,-85.0,0.0,-9.01222e-05,112.40646
6.023,-78.0,-0.00572,-8.58307e-05,112.40646
6.024,-90.0,0.0,-8.58307e-05,112.40646
6.025,-80.0,-0.00191,-8.10623e-05,112.40646
6.026,-84.0,0.00525,-8.58307e-05,112.40646
6.027,-69.0,0.00238,-8.91685e-05,112.40646
6.028,-89.0,0.00334,-9.15527e-05,112.40646
6.029,-83.0,-0.00811,-8.63075e-05,112.40646
6.03,-82.0,0.0062,-9.01222e-05,112.40646
6.031,-81.0,-0.00048,-9.29832e-05,112.40646
6.032,-90.0,-0.00763,-8.2016e-05,112.40646
6.033,-84.0,0.00095,-8.4877e-05,112.40646
6.034,-80.0,0.00048,-8.2016e-05,112.40646
6.035,-88.0,0.00715,-9.10759e-05,112.40646
6.036,-78.0,-0.00286,-8.7738e-05,112.40646
6.037,-83.0,0.00668,-9.63211e-05,112.40646
6.038,-79.0,-0.0124,-8.63075e-05,112.40646
6.039,-81.0,0.0124,-9.34601e-05,112.40646
6.04,-78.0,-0.00477,-9.20296e-05,112.40646
6.041,-86.0,-0.00525,-8.44002e-05,112.40646
6.042,-87.0,0.00858,-9.48906e-05,112.40646
6.043,-84.0,-0.01383,-8.24928e-05,112.40646
6.044,-80.0,0.00381,-8.10623e-05,112.40646
6.045,-87.0,0.00525,-8.86917e-05,112.40646
6.046,-91.0,-0.00525,-8.39233e-05,112.40646
6.047,-82.0,0.00048,-8.44002e-05,112.40646
6.048,-81.0,0.00525,-8.96454e-05,112.40646
6.049,-79.0,-0.00429,-8.7738e-05,112.40646
6.05,-86.0,-0.00381,-8.34465e-05,112.40646
6.051,-91.0,0.00095,-8.2016e-05,112.40646
6.052,-77.0,-0.00668,-7.34329e-05,112.40646
6.053,-80.0,0.01526,-8.82149e-05,112.40646
6.054,-79.0,-0.00191,-8.96454e-05,112.40646
6.055,-87.0,-0.00572,-8.34465e-05,112.40646
6.056,-77.0,-0.00143,-8.44002e-05,112.40646
6.057,-83.0,0.0,-8.29697e-05,112.40646
6.058,-86.0,-0.00238,-8.01086e-05,112.40646
6.059,-89.0,0.00763,-8.58307e-05,112.40646
6.06,-90.0,-0.00763,-7.86781e-05,112.40646
6.061,-85.0,0.00095,-7.9155e-05,112.40646
6.062,-82.0,-0.00191,-7.82013e-05,112.40646
6.063,-80.0,0.00381,-8.10623e-05,112.40646
6.064,-81.0,-0.00143,-8.15392e-05,112.40646
6.065,-86.0,0.00429,-8.58307e-05,112.40646
6.066,-82.0,-0.00095,-8.58307e-05,112.40646
6.067,-77.0,-0.00572,-7.82013e-05,112.40646
6.068,-86.0,0.00715,-8.34465e-05,112.40646
6.069,-78.0,-0.00095,-8.58307e-05,112.40646
6.07,-80.0,-0.01144,-7.39098e-05,112.40646
6.071,-86.0,0.01764,-8.82149e-05,112.40646
6.072,-88.0,-0.00286,-9.05991e-05,112.40646
6.073,-89.0,-0.00954,-8.10623e-05,112.40646
6.074,-81.0,0.00095,-7.9155e-05,112.40646
6.075,-87.0,0.00095,-8.01086e-05,112.40646
6.076,-93.0,-0.00477,-7.62939e-05,112.40646
6.077,-84.0,0.00381,-7.86781e-05,112.40646
6.078,-87.0,-0.00286,-7.67708e-05,112.40646
6.079,-77.0,0.00811,-8.24928e-05,112.40646
6.08,-78.0,0.0,-8.72612e-05,112.40646
6.081,-84.0,-0.01049,-7.48634e-05,112.40646
6.082,-75.0,0.00811,-8.24928e-05,112.40646
6.083,-84.0,-0.01144,-7.34329e-05,112.40646
6.084,-83.0,0.0062,-7.43866e-05,112.40646
6.085,-81.0,0.00477,-8.34465e-05,112.40646
6.086,-76.0,-0.00906,-7.24792e-05,112.40646
6.087,-77.0,0.01287,-8.44002e-05,112.40646
6.088,-75.0,0.0,-8.72612e-05,112.40646
6.089,-87.0,-0.00811,-7.96318e-05,112.40646
6.09,-81.0,0.00477,-8.2016e-05,112.40646
6.091,-80.0,-0.00858,-7.43866e-05,112.40646
